/*
Navicat MySQL Data Transfer

Source Server         : local_mysql
Source Server Version : 50151
Source Host           : localhost:3306
Source Database       : hrtemp

Target Server Type    : MYSQL
Target Server Version : 50151
File Encoding         : 65001

Date: 2015-11-25 11:42:34
*/

SET FOREIGN_KEY_CHECKS=0;

-- ----------------------------
-- Table structure for hr_attendance
-- ----------------------------
DROP TABLE IF EXISTS `hr_attendance`;
CREATE TABLE `hr_attendance` (
  `ATD_ID` char(36) NOT NULL,
  `ATD_DATE` varchar(32) DEFAULT NULL,
  `USER_ID` char(36) DEFAULT NULL,
  `ATD_IN_TIME` datetime DEFAULT NULL,
  `ATD_IN_PLACE` varchar(32) DEFAULT NULL,
  `ATD_IN_HOUSE` varchar(32) DEFAULT NULL,
  `ATD_IN_COORDINATE` varchar(128) DEFAULT NULL,
  `ATD_OUT_TIME` datetime DEFAULT NULL,
  `ATD_OUT_PLACE` varchar(32) DEFAULT NULL,
  `ATD_OUT_HOUSE` varchar(32) DEFAULT NULL,
  `ATD_OUT_COORDINATE` varchar(128) DEFAULT NULL,
  PRIMARY KEY (`ATD_ID`)
) ENGINE=InnoDB DEFAULT CHARSET=utf8;

-- ----------------------------
-- Records of hr_attendance
-- ----------------------------

-- ----------------------------
-- Table structure for hr_education
-- ----------------------------
DROP TABLE IF EXISTS `hr_education`;
CREATE TABLE `hr_education` (
  `EDU_ID` char(36) NOT NULL,
  `EMP_ID` char(36) DEFAULT NULL,
  `EDU_IN_TIME` date DEFAULT NULL,
  `EDU_OUT_TIME` date DEFAULT NULL,
  `EDU_EDUCATION` varchar(256) DEFAULT NULL,
  PRIMARY KEY (`EDU_ID`)
) ENGINE=InnoDB DEFAULT CHARSET=utf8;

-- ----------------------------
-- Records of hr_education
-- ----------------------------

-- ----------------------------
-- Table structure for hr_employee
-- ----------------------------
DROP TABLE IF EXISTS `hr_employee`;
CREATE TABLE `hr_employee` (
  `EMP_ID` char(36) NOT NULL,
  `EMP_CODE` varchar(32) DEFAULT NULL,
  `EMP_NAME` varchar(32) DEFAULT NULL,
  `EMP_SEX` char(1) DEFAULT NULL,
  `EMP_BIRTHDAY` date DEFAULT NULL,
  `EMP_NATIONAL` varchar(32) DEFAULT NULL,
  `EMP_PARTY` char(2) DEFAULT NULL,
  `EMP_ID_NUMBER` varchar(32) DEFAULT NULL,
  `EMP_TEL` varchar(32) DEFAULT NULL,
  `EMP_NATIVE_PLACE` varchar(32) DEFAULT NULL,
  `EMP_MARITAL_STATUS` varchar(32) DEFAULT NULL,
  `EMP_REFERENCE_TIME` date DEFAULT NULL,
  `EMP_NOW_DEPT` char(36) DEFAULT NULL,
  `EMP_NOW_JOB` varchar(32) DEFAULT NULL,
  `EMP_INDUCTION_TIME` date DEFAULT NULL,
  `EMP_EMAIL` varchar(32) DEFAULT NULL,
  `EMP_REGULAR_TIME` date DEFAULT NULL,
  `EMP_EDUCATION` varchar(32) DEFAULT NULL,
  `EMP_STATE` varchar(32) DEFAULT NULL,
  `EMP_BASIC` decimal(8,2) DEFAULT NULL,
  `EMP_PERFORMANCE` decimal(8,2) DEFAULT NULL,
  `EMP_SUBSIDY` decimal(8,2) DEFAULT NULL,
  `EMP_WORK_STATE` varchar(32) DEFAULT NULL,
  `EMP_DIMISSION_TIME` date DEFAULT NULL,
  `EMP_TAX` decimal(8,0) DEFAULT NULL,
  `EMP_INSURE` decimal(8,0) DEFAULT NULL,
  `EMP_ANNUAL_LEAVE_DAYS` varchar(5) DEFAULT NULL,
  `EMP_ALLOWANCE` decimal(8,0) DEFAULT NULL,
  `EMP_PARTICIPATE_SALARY` varchar(32) DEFAULT NULL,
  PRIMARY KEY (`EMP_ID`)
) ENGINE=InnoDB DEFAULT CHARSET=utf8;

-- ----------------------------
-- Records of hr_employee
-- ----------------------------
INSERT INTO `hr_employee` VALUES ('434964EB-04E5-4BE6-822C-2FBB5A6BF50D', 'CS02', '赵小二', 'M', null, '', '', '', '', '', '', null, 'FDB148EF-9146-4675-AB8E-0CE85164B67A', '行政总监', null, '', null, '', 'drafe', '0.00', '0.00', '0.00', '', null, '0', '0', null, null, null);
INSERT INTO `hr_employee` VALUES ('5F12ED6E-372E-4DC5-AADA-9B3A5EFB53C6', 'CS01', '张老大', 'M', null, '', '', '', '', '', '', null, '3435DD86-53B8-41DC-BE10-0463428D18D6', '技术总监', null, '', null, '', 'drafe', '3500.00', '500.00', '100.00', '', null, '200', '200', null, null, null);
INSERT INTO `hr_employee` VALUES ('D49E1F66-68AD-4BEA-B7ED-698264D16989', 'CS03', '孙小三', 'M', null, '', '', '', '', '', '', null, '72A9E7B1-5B47-4822-ACA0-A8CB1EE78506', '技术顾问', null, '', null, '', 'drafe', '0.00', '0.00', '0.00', '', null, '0', '0', null, null, null);
INSERT INTO `hr_employee` VALUES ('D773AB95-FAEF-4748-909A-1351FAD635F4', 'CS04', '赵小四', 'M', null, '', '', '', '', '', '', null, '72A9E7B1-5B47-4822-ACA0-A8CB1EE78506', '技术顾问', null, '', null, '', 'drafe', '0.00', '0.00', '0.00', '', null, '0', '0', null, null, null);

-- ----------------------------
-- Table structure for hr_evection
-- ----------------------------
DROP TABLE IF EXISTS `hr_evection`;
CREATE TABLE `hr_evection` (
  `EVE_ID` char(36) NOT NULL,
  `EVE_APPLY_USER` char(36) DEFAULT NULL,
  `EVE_TOGETHER` varchar(32) DEFAULT NULL,
  `EVE_START_TIME` datetime DEFAULT NULL,
  `EVE_OVER_TIME` date DEFAULT NULL,
  `EVE_REIMBURSEMENT_TIME` datetime DEFAULT NULL,
  `EVE_DAYS` int(11) DEFAULT NULL,
  `EVE_SUBSIDY` decimal(6,2) DEFAULT NULL,
  `EVE_APPROVE_USER` char(36) DEFAULT NULL,
  `EVE_APPROVE_TIME` date DEFAULT NULL,
  `APP_RESULT` varchar(32) DEFAULT NULL,
  `EVE_APPROVE_OPINION` varchar(256) DEFAULT NULL,
  `EVE_TOTAL_MONEY` decimal(6,2) DEFAULT NULL,
  `EVE_REASON` varchar(256) DEFAULT NULL,
  `STATE` varchar(32) DEFAULT NULL,
  PRIMARY KEY (`EVE_ID`)
) ENGINE=InnoDB DEFAULT CHARSET=utf8;

-- ----------------------------
-- Records of hr_evection
-- ----------------------------

-- ----------------------------
-- Table structure for hr_expenses
-- ----------------------------
DROP TABLE IF EXISTS `hr_expenses`;
CREATE TABLE `hr_expenses` (
  `EXPE_ID` char(36) NOT NULL,
  `EVE_ID` char(36) DEFAULT NULL,
  `EXPE_DEPART` varchar(32) DEFAULT NULL,
  `EXPE_DESTINATION` varchar(32) DEFAULT NULL,
  `EXPE_DEPART_TIME` datetime DEFAULT NULL,
  `EXPE_COMEBACK_TIME` date DEFAULT NULL,
  `EXPE_TRANSPORTATION_WAY` varchar(32) DEFAULT NULL,
  `EXPE_TRANSPORTATION_FEE` decimal(6,2) DEFAULT NULL,
  `EXPE_HOTEL` decimal(6,2) DEFAULT NULL,
  `EXPE_OTHER` decimal(6,2) DEFAULT NULL,
  `EXPE_REMARKS` varchar(256) DEFAULT NULL,
  PRIMARY KEY (`EXPE_ID`)
) ENGINE=InnoDB DEFAULT CHARSET=utf8;

-- ----------------------------
-- Records of hr_expenses
-- ----------------------------

-- ----------------------------
-- Table structure for hr_experience
-- ----------------------------
DROP TABLE IF EXISTS `hr_experience`;
CREATE TABLE `hr_experience` (
  `EXP_ID` char(36) NOT NULL,
  `EMP_ID` char(36) DEFAULT NULL,
  `EXP_IN_TIME` date DEFAULT NULL,
  `EXP_OUT_TIME` date DEFAULT NULL,
  `EXP_EXPERIENCE` varchar(256) DEFAULT NULL,
  PRIMARY KEY (`EXP_ID`)
) ENGINE=InnoDB DEFAULT CHARSET=utf8;

-- ----------------------------
-- Records of hr_experience
-- ----------------------------

-- ----------------------------
-- Table structure for hr_leave
-- ----------------------------
DROP TABLE IF EXISTS `hr_leave`;
CREATE TABLE `hr_leave` (
  `LEA_ID` char(36) NOT NULL,
  `USER_ID` char(36) DEFAULT NULL,
  `LEA_DATE` datetime DEFAULT NULL,
  `LEA_SDATE` date DEFAULT NULL,
  `LEA_EDATE` date DEFAULT NULL,
  `LEA_DAYS` varchar(32) DEFAULT NULL,
  `LEA_TYPE` varchar(12) DEFAULT NULL,
  `LEA_CAUSE` varchar(256) DEFAULT NULL,
  `STATE` varchar(32) DEFAULT NULL,
  `LEA_APPOVER` char(36) DEFAULT NULL,
  `LEA_APP_TIME` datetime DEFAULT NULL,
  `LEA_APP_OPINION` varchar(256) DEFAULT NULL,
  `APP_RESULT` varchar(32) DEFAULT NULL,
  PRIMARY KEY (`LEA_ID`)
) ENGINE=InnoDB DEFAULT CHARSET=utf8;

-- ----------------------------
-- Records of hr_leave
-- ----------------------------

-- ----------------------------
-- Table structure for hr_location
-- ----------------------------
DROP TABLE IF EXISTS `hr_location`;
CREATE TABLE `hr_location` (
  `LOCAT_ID` char(36) NOT NULL,
  `USER_ID` char(36) DEFAULT NULL,
  `LOCAT_TIME` datetime DEFAULT NULL,
  `LOCAT_PLACE` varchar(64) DEFAULT NULL,
  `LOCAT_HOUSE` varchar(64) DEFAULT NULL,
  PRIMARY KEY (`LOCAT_ID`)
) ENGINE=InnoDB DEFAULT CHARSET=utf8;

-- ----------------------------
-- Records of hr_location
-- ----------------------------

-- ----------------------------
-- Table structure for hr_salary
-- ----------------------------
DROP TABLE IF EXISTS `hr_salary`;
CREATE TABLE `hr_salary` (
  `SAL_ID` char(36) NOT NULL,
  `SAL_USER` char(36) DEFAULT NULL,
  `SAL_YEAR` varchar(32) DEFAULT NULL,
  `SAL_MONTH` varchar(32) DEFAULT NULL,
  `SAL_VALID_DAYS` decimal(3,1) DEFAULT NULL,
  `SAL_WORK_DAYS` decimal(3,1) DEFAULT NULL,
  `SAL_OVERTIME` decimal(3,1) DEFAULT NULL,
  `SAL_LEAVE` decimal(3,1) DEFAULT NULL,
  `SAL_BASIC` decimal(8,2) DEFAULT NULL,
  `SAL_PERFORMANCE` decimal(8,2) DEFAULT NULL,
  `SAL_SUBSIDY` decimal(8,2) DEFAULT NULL,
  `SAL_BONUS` decimal(8,2) DEFAULT NULL,
  `SAL_ACTUAL` decimal(8,2) DEFAULT NULL,
  `SAL_TOTAL` decimal(8,2) DEFAULT NULL,
  `SAL_STATE` varchar(32) DEFAULT NULL,
  `SAL_INSURE` decimal(8,2) DEFAULT NULL,
  `SAL_TAX` decimal(8,2) DEFAULT NULL,
  `SAL_REMARKS` varchar(512) DEFAULT NULL,
  PRIMARY KEY (`SAL_ID`)
) ENGINE=InnoDB DEFAULT CHARSET=utf8;

-- ----------------------------
-- Records of hr_salary
-- ----------------------------

-- ----------------------------
-- Table structure for hr_valid
-- ----------------------------
DROP TABLE IF EXISTS `hr_valid`;
CREATE TABLE `hr_valid` (
  `VALID_YEAR` varchar(32) NOT NULL,
  `VALID_MONTH` varchar(32) NOT NULL,
  `VALID_DAYS` decimal(3,1) DEFAULT NULL,
  PRIMARY KEY (`VALID_YEAR`,`VALID_MONTH`)
) ENGINE=InnoDB DEFAULT CHARSET=utf8;

-- ----------------------------
-- Records of hr_valid
-- ----------------------------

-- ----------------------------
-- Table structure for hr_work_overtime
-- ----------------------------
DROP TABLE IF EXISTS `hr_work_overtime`;
CREATE TABLE `hr_work_overtime` (
  `WOT_ID` char(36) NOT NULL,
  `USER_ID` char(36) DEFAULT NULL,
  `WOT_DATE` varchar(32) DEFAULT NULL,
  `WOT_PARTICIPANT` varchar(32) DEFAULT NULL,
  `WOT_PLACE` varchar(32) DEFAULT NULL,
  `WOT_DESC` varchar(256) DEFAULT NULL,
  `WOT_OVERTIME_DATE` date DEFAULT NULL,
  `WOT_TIME` varchar(32) DEFAULT NULL,
  `WOT_APPROVER` char(36) DEFAULT NULL,
  `WOT_APP_TIME` datetime DEFAULT NULL,
  `APP_RESULT` varchar(32) DEFAULT NULL,
  `WOT_APP_OPINION` varchar(256) DEFAULT NULL,
  `STATE` varchar(32) DEFAULT NULL,
  `WOT_TIME_COMPANY` varchar(32) DEFAULT NULL,
  PRIMARY KEY (`WOT_ID`)
) ENGINE=InnoDB DEFAULT CHARSET=utf8;

-- ----------------------------
-- Records of hr_work_overtime
-- ----------------------------

-- ----------------------------
-- Table structure for hr_work_performance
-- ----------------------------
DROP TABLE IF EXISTS `hr_work_performance`;
CREATE TABLE `hr_work_performance` (
  `PER_ID` char(36) NOT NULL,
  `EMP_ID` char(36) DEFAULT NULL,
  `PER_IN_TIME` date DEFAULT NULL,
  `PER_NOW_TIME` date DEFAULT NULL,
  `PER_WORK_PERFORMANCE` varchar(256) DEFAULT NULL,
  PRIMARY KEY (`PER_ID`)
) ENGINE=InnoDB DEFAULT CHARSET=utf8;

-- ----------------------------
-- Records of hr_work_performance
-- ----------------------------

-- ----------------------------
-- Table structure for security_group
-- ----------------------------
DROP TABLE IF EXISTS `security_group`;
CREATE TABLE `security_group` (
  `GRP_ID` varchar(36) NOT NULL,
  `GRP_CODE` varchar(32) DEFAULT NULL,
  `GRP_NAME` varchar(32) DEFAULT NULL,
  `GRP_PID` varchar(36) DEFAULT NULL,
  `GRP_DESC` varchar(128) DEFAULT NULL,
  `GRP_STATE` varchar(1) DEFAULT NULL,
  `GRP_SORT` int(11) DEFAULT NULL,
  PRIMARY KEY (`GRP_ID`)
) ENGINE=InnoDB DEFAULT CHARSET=utf8;

-- ----------------------------
-- Records of security_group
-- ----------------------------
INSERT INTO `security_group` VALUES ('00000000-0000-0000-00000000000000000', 'Root', '公司集团', null, null, '1', '0');
INSERT INTO `security_group` VALUES ('0E12268C-BD14-4FCE-A7C0-A8A5D55ED842', 'ADM', '行政部', '00000000-0000-0000-00000000000000000', '', '1', '7');
INSERT INTO `security_group` VALUES ('3435DD86-53B8-41DC-BE10-0463428D18D6', 'DEV', '研发部', '00000000-0000-0000-00000000000000000', '', '1', '5');
INSERT INTO `security_group` VALUES ('42FE2AE3-DBA0-498B-86BC-05E35D123A3E', 'SALE', '营销部', '00000000-0000-0000-00000000000000000', '', '1', '6');
INSERT INTO `security_group` VALUES ('72A9E7B1-5B47-4822-ACA0-A8CB1EE78506', 'TECH', '技术部', '00000000-0000-0000-00000000000000000', '', '1', '4');
INSERT INTO `security_group` VALUES ('FDB148EF-9146-4675-AB8E-0CE85164B67A', 'HR', '人力部', '00000000-0000-0000-00000000000000000', '', '1', '3');

-- ----------------------------
-- Table structure for security_group_auth
-- ----------------------------
DROP TABLE IF EXISTS `security_group_auth`;
CREATE TABLE `security_group_auth` (
  `GRP_AUTH_ID` varchar(36) NOT NULL,
  `GRP_ID` varchar(36) DEFAULT NULL,
  `RES_TYPE` varchar(32) DEFAULT NULL,
  `RES_ID` varchar(36) DEFAULT NULL,
  PRIMARY KEY (`GRP_AUTH_ID`)
) ENGINE=InnoDB DEFAULT CHARSET=utf8;

-- ----------------------------
-- Records of security_group_auth
-- ----------------------------
INSERT INTO `security_group_auth` VALUES ('25DA0120-EC1F-4C80-BCFF-C1DD27FD0EAA', 'FDB148EF-9146-4675-AB8E-0CE85164B67A', 'Menu', 'AD7CE5A0-39C4-4B43-B243-D056BBDF9332');
INSERT INTO `security_group_auth` VALUES ('93EF8C63-845C-4CE0-9AF7-EA00FDEAEBFD', 'FDB148EF-9146-4675-AB8E-0CE85164B67A', 'Menu', '00000000-0000-0000-00000000000000000');

-- ----------------------------
-- Table structure for security_role
-- ----------------------------
DROP TABLE IF EXISTS `security_role`;
CREATE TABLE `security_role` (
  `ROLE_ID` varchar(36) NOT NULL,
  `ROLE_CODE` varchar(32) DEFAULT NULL,
  `ROLE_NAME` varchar(32) DEFAULT NULL,
  `ROLE_PID` varchar(36) DEFAULT NULL,
  `ROLE_DESC` varchar(128) DEFAULT NULL,
  `ROLE_STATE` varchar(32) DEFAULT NULL,
  `ROLE_SORT` int(11) DEFAULT NULL,
  PRIMARY KEY (`ROLE_ID`)
) ENGINE=InnoDB DEFAULT CHARSET=utf8;

-- ----------------------------
-- Records of security_role
-- ----------------------------
INSERT INTO `security_role` VALUES ('00000000-0000-0000-00000000000000000', 'System', '系统角色', null, null, '1', null);
INSERT INTO `security_role` VALUES ('61729215-7F01-417B-A7A9-C4B4E0B9A0A3', 'EMPLOYEE', '普通职员', '00000000-0000-0000-00000000000000000', '', '1', '4');
INSERT INTO `security_role` VALUES ('7506D7DA-8E26-49AE-AF5E-40E8912172A4', 'HR_MASTER', '人力负责人', '00000000-0000-0000-00000000000000000', '', '1', '5');
INSERT INTO `security_role` VALUES ('895A1379-0B71-4390-955D-92A49ABABDC0', 'SALARY_MASTER', '薪资负责人', '00000000-0000-0000-00000000000000000', '', '1', '7');
INSERT INTO `security_role` VALUES ('D7CEA7EC-8CC9-42A3-8125-1FAE15661A48', 'APPROVE', '业务核准人', '00000000-0000-0000-00000000000000000', '', '1', '6');

-- ----------------------------
-- Table structure for security_role_auth
-- ----------------------------
DROP TABLE IF EXISTS `security_role_auth`;
CREATE TABLE `security_role_auth` (
  `ROLE_AUTH_ID` varchar(36) NOT NULL,
  `ROLE_ID` varchar(36) DEFAULT NULL,
  `RES_TYPE` varchar(32) DEFAULT NULL,
  `RES_ID` varchar(36) DEFAULT NULL,
  PRIMARY KEY (`ROLE_AUTH_ID`)
) ENGINE=InnoDB DEFAULT CHARSET=utf8;

-- ----------------------------
-- Records of security_role_auth
-- ----------------------------
INSERT INTO `security_role_auth` VALUES ('046F5038-8CE1-49C6-BB55-9105294AE3A6', '61729215-7F01-417B-A7A9-C4B4E0B9A0A3', 'Handler', '67CF818A-7AB6-43CB-BDD5-A57B5FC2C512');
INSERT INTO `security_role_auth` VALUES ('048DF381-E86B-4E05-950A-4A17C2B4B5FA', '895A1379-0B71-4390-955D-92A49ABABDC0', 'Menu', '697BF588-ED62-43BB-B30E-3A7E40E7F1F1');
INSERT INTO `security_role_auth` VALUES ('06B43B24-5FB8-4940-90A1-C8BAC1D900E3', '895A1379-0B71-4390-955D-92A49ABABDC0', 'Menu', 'AD7CE5A0-39C4-4B43-B243-D056BBDF9332');
INSERT INTO `security_role_auth` VALUES ('075935C3-58AA-48F7-83CA-28A42F06586E', '61729215-7F01-417B-A7A9-C4B4E0B9A0A3', 'Handler', '98733F5B-A599-41A9-B135-33F480BDE062');
INSERT INTO `security_role_auth` VALUES ('09DFA02E-24C5-4048-8482-E064FEE3F1F6', '61729215-7F01-417B-A7A9-C4B4E0B9A0A3', 'Operation', '022E5A78-2D0B-4C27-8C92-512FE6C89636');
INSERT INTO `security_role_auth` VALUES ('0A943B0A-61EA-4B3E-9005-A9AD51278022', '7506D7DA-8E26-49AE-AF5E-40E8912172A4', 'Handler', '98733F5B-A599-41A9-B135-33F480BDE062');
INSERT INTO `security_role_auth` VALUES ('0C13E89F-8A48-475A-8ACE-B523CE36B3C6', '61729215-7F01-417B-A7A9-C4B4E0B9A0A3', 'Operation', '270A2E3A-8649-46A8-9B95-EB022090D78D');
INSERT INTO `security_role_auth` VALUES ('1473ED72-6932-4F67-BB04-44F063649317', '7506D7DA-8E26-49AE-AF5E-40E8912172A4', 'Operation', '898A6526-F0B2-4C74-A5FB-E7EC00949FE7');
INSERT INTO `security_role_auth` VALUES ('1502C07F-36B2-4B4E-8E84-E4C9CB4F37D6', 'D7CEA7EC-8CC9-42A3-8125-1FAE15661A48', 'Menu', '00000000-0000-0000-00000000000000000');
INSERT INTO `security_role_auth` VALUES ('164E5DAC-710C-4AC9-ACE6-F4EB017068AF', '61729215-7F01-417B-A7A9-C4B4E0B9A0A3', 'Operation', '7295E472-0ABB-48F1-A696-68E8F8835CF8');
INSERT INTO `security_role_auth` VALUES ('17F6C83B-2F36-486D-9B11-75C3AD9340D1', '7506D7DA-8E26-49AE-AF5E-40E8912172A4', 'Operation', 'D88643B1-1076-40D7-B7F1-CE3504E2AA85');
INSERT INTO `security_role_auth` VALUES ('1BBA7439-7F4D-44EA-AE4D-119EFBA72D29', 'D7CEA7EC-8CC9-42A3-8125-1FAE15661A48', 'Operation', '65F0D7A5-A5A4-4E43-A276-3A002A334DE1');
INSERT INTO `security_role_auth` VALUES ('1CC0F08F-0CDE-428C-B648-FE3B81089FFB', '61729215-7F01-417B-A7A9-C4B4E0B9A0A3', 'Handler', '642BCD38-28C1-4FF1-A194-535BFAB10679');
INSERT INTO `security_role_auth` VALUES ('211F99BE-1092-4AB5-BD8A-D9A68C4C609A', '61729215-7F01-417B-A7A9-C4B4E0B9A0A3', 'Handler', '0248868D-BBBE-4F96-B7C5-FAF4E1556570');
INSERT INTO `security_role_auth` VALUES ('27FBFB50-6590-4848-8589-59D62782E121', '61729215-7F01-417B-A7A9-C4B4E0B9A0A3', 'Menu', '697BF588-ED62-43BB-B30E-3A7E40E7F1F1');
INSERT INTO `security_role_auth` VALUES ('29C6F91B-54F8-4C86-A3B6-04A475760D99', '61729215-7F01-417B-A7A9-C4B4E0B9A0A3', 'Operation', 'A86CFB0E-B6EB-41A4-9B92-4A3833487D72');
INSERT INTO `security_role_auth` VALUES ('3312F2D2-7FC6-487A-AF1E-FC64919DA6A3', 'D7CEA7EC-8CC9-42A3-8125-1FAE15661A48', 'Operation', '4C025775-4C79-4B88-9D52-DC35DF77D3D2');
INSERT INTO `security_role_auth` VALUES ('3377E44F-E43B-4E5A-8D83-F739D7DB9EB7', '61729215-7F01-417B-A7A9-C4B4E0B9A0A3', 'Operation', '43A4596F-D7D6-4F25-AED4-C88896161FC1');
INSERT INTO `security_role_auth` VALUES ('35399A5A-AEC9-4947-911C-36E5D61A0E34', '61729215-7F01-417B-A7A9-C4B4E0B9A0A3', 'Operation', '9F66B841-0922-4012-8D5A-063F7FC7719A');
INSERT INTO `security_role_auth` VALUES ('3550180E-E173-4B20-80F4-FDB8A4C0ED4C', 'D7CEA7EC-8CC9-42A3-8125-1FAE15661A48', 'Handler', '4F0BC221-A2D0-4500-907A-EC116B48AC74');
INSERT INTO `security_role_auth` VALUES ('355D5431-7995-4E52-9D07-9F0539F23E44', '61729215-7F01-417B-A7A9-C4B4E0B9A0A3', 'Operation', '95259C3E-BE55-4E42-ACBA-2031770FD14D');
INSERT INTO `security_role_auth` VALUES ('37093EAB-F794-43C4-B220-4F7F8BC93D88', '895A1379-0B71-4390-955D-92A49ABABDC0', 'Operation', 'C275E1CE-3977-4899-BC18-1DA376A83E4B');
INSERT INTO `security_role_auth` VALUES ('3CD02718-C6D8-40CA-8806-E7F50403B688', '61729215-7F01-417B-A7A9-C4B4E0B9A0A3', 'Operation', 'B2D8182E-B201-4858-B52D-8197064E6CCE');
INSERT INTO `security_role_auth` VALUES ('3E55B518-0D9E-4A71-8819-05E38812E449', '895A1379-0B71-4390-955D-92A49ABABDC0', 'Operation', '69C9DD89-FD32-40E7-BE7A-FBC979071558');
INSERT INTO `security_role_auth` VALUES ('40AF16A5-03F8-4656-9D7B-B9CD375CB385', '61729215-7F01-417B-A7A9-C4B4E0B9A0A3', 'Operation', '42F79115-9E98-4F60-90FC-5468996C9496');
INSERT INTO `security_role_auth` VALUES ('43298C3D-992A-41D3-8D44-0D21A0E26D20', '61729215-7F01-417B-A7A9-C4B4E0B9A0A3', 'Menu', 'AD7CE5A0-39C4-4B43-B243-D056BBDF9332');
INSERT INTO `security_role_auth` VALUES ('44AEF66E-02DF-4CC9-ADFD-ED7DEE7BE559', '61729215-7F01-417B-A7A9-C4B4E0B9A0A3', 'Operation', '04D84DDC-B3C1-45F2-B1C4-C9CD986A6EC7');
INSERT INTO `security_role_auth` VALUES ('480379C8-5096-49E6-8535-0BB2CC8E3446', '61729215-7F01-417B-A7A9-C4B4E0B9A0A3', 'Operation', '04925782-D1DD-4799-874D-DA89C09C5E93');
INSERT INTO `security_role_auth` VALUES ('4A7D80A2-EA90-43CB-9820-601BDB3FF6BC', '61729215-7F01-417B-A7A9-C4B4E0B9A0A3', 'Menu', '00000000-0000-0000-00000000000000001');
INSERT INTO `security_role_auth` VALUES ('4CCE65E9-94F5-4547-9597-3089D13B232D', 'D7CEA7EC-8CC9-42A3-8125-1FAE15661A48', 'Handler', '642BCD38-28C1-4FF1-A194-535BFAB10679');
INSERT INTO `security_role_auth` VALUES ('5379FF5A-8070-4594-812A-A0C833A743F9', '61729215-7F01-417B-A7A9-C4B4E0B9A0A3', 'Operation', '3DB35A08-1211-4FDB-A3F2-CF31515F0366');
INSERT INTO `security_role_auth` VALUES ('588E614F-7CD3-47BB-AF12-7EE2031C67A9', '61729215-7F01-417B-A7A9-C4B4E0B9A0A3', 'Handler', '4F0BC221-A2D0-4500-907A-EC116B48AC74');
INSERT INTO `security_role_auth` VALUES ('5B5B92D9-3B23-404C-A2DD-7F37C9630361', '7506D7DA-8E26-49AE-AF5E-40E8912172A4', 'Handler', '4F7D78BE-CEF2-4B71-9F43-EEF3ABADC5A1');
INSERT INTO `security_role_auth` VALUES ('5ED71D7F-43B1-4A41-82C4-9731C7BAB60D', '61729215-7F01-417B-A7A9-C4B4E0B9A0A3', 'Menu', '99EAA89A-59E6-4866-9980-21164DA571F2');
INSERT INTO `security_role_auth` VALUES ('654BFC89-7217-4B16-B663-5F35D519F624', '61729215-7F01-417B-A7A9-C4B4E0B9A0A3', 'Handler', '4F7D78BE-CEF2-4B71-9F43-EEF3ABADC5A1');
INSERT INTO `security_role_auth` VALUES ('663F4441-21B7-41F8-A3EB-53E864119CC8', 'D7CEA7EC-8CC9-42A3-8125-1FAE15661A48', 'Menu', 'F8C4DC47-8F58-4420-8FC4-4DB1CE35C0F6');
INSERT INTO `security_role_auth` VALUES ('75ADC325-99CB-47E3-A388-7118187EC9B9', '61729215-7F01-417B-A7A9-C4B4E0B9A0A3', 'Operation', 'ADC2DE07-FDC6-40AB-A215-730D87325CE8');
INSERT INTO `security_role_auth` VALUES ('7DE7CC21-3884-46A4-A96A-31E1DC361E44', '895A1379-0B71-4390-955D-92A49ABABDC0', 'Operation', '88651356-FC4E-43EA-BDEF-09BA37B61C9B');
INSERT INTO `security_role_auth` VALUES ('7FBBB647-3A35-4E0C-9824-133633AF8326', '61729215-7F01-417B-A7A9-C4B4E0B9A0A3', 'Handler', '7782AD69-8FDC-4F5D-8510-36FD8D3BF249');
INSERT INTO `security_role_auth` VALUES ('873CF1C0-A5D9-4420-B003-ADF2FD98DF24', '61729215-7F01-417B-A7A9-C4B4E0B9A0A3', 'Operation', 'FE224D4E-381B-4DC6-82EA-B7F2C70F4012');
INSERT INTO `security_role_auth` VALUES ('89ADD9F3-74C6-49FB-8450-1CB4D496DED0', '7506D7DA-8E26-49AE-AF5E-40E8912172A4', 'Operation', 'FFA6D0CD-ED98-4C51-BBDC-A3367BE0B594');
INSERT INTO `security_role_auth` VALUES ('8E49F89E-32DE-4DCE-996F-681A08EC61EB', '61729215-7F01-417B-A7A9-C4B4E0B9A0A3', 'Operation', '5501533A-5F00-490D-9559-E2AFF4DB7EE0');
INSERT INTO `security_role_auth` VALUES ('91027096-4A7D-4416-A605-B2270A2C3768', '895A1379-0B71-4390-955D-92A49ABABDC0', 'Operation', '5F9CCA75-94A7-43D0-A0F1-5E36869F75B0');
INSERT INTO `security_role_auth` VALUES ('93A48CA2-7CF0-4F01-9F85-C9BD10EF1194', '61729215-7F01-417B-A7A9-C4B4E0B9A0A3', 'Handler', '4878413D-5A54-464A-8ECE-59E78D43F2D1');
INSERT INTO `security_role_auth` VALUES ('95D71B77-111A-4E4F-8CD8-006C3E17F69A', 'D7CEA7EC-8CC9-42A3-8125-1FAE15661A48', 'Operation', '7321224A-C052-431B-B48C-C12DFD4292DA');
INSERT INTO `security_role_auth` VALUES ('A353C9B2-8C70-4D1F-90C3-2D117558F37F', 'D7CEA7EC-8CC9-42A3-8125-1FAE15661A48', 'Handler', '4878413D-5A54-464A-8ECE-59E78D43F2D1');
INSERT INTO `security_role_auth` VALUES ('A6177F08-2B21-4F92-BB6E-C740B224A89A', '895A1379-0B71-4390-955D-92A49ABABDC0', 'Menu', '00000000-0000-0000-00000000000000000');
INSERT INTO `security_role_auth` VALUES ('A72D2575-B43D-43ED-950E-22B25E22AF54', '61729215-7F01-417B-A7A9-C4B4E0B9A0A3', 'Menu', '49F49293-5270-4C72-B7EE-02562627BF03');
INSERT INTO `security_role_auth` VALUES ('B15412E1-C040-4AEB-8B5B-0BE80C7980BF', 'D7CEA7EC-8CC9-42A3-8125-1FAE15661A48', 'Menu', 'B29FEBDB-F5D9-41AE-8C2D-451A00B2C51F');
INSERT INTO `security_role_auth` VALUES ('B550ECA7-EA2A-4651-B653-503851A2A3C6', '61729215-7F01-417B-A7A9-C4B4E0B9A0A3', 'Operation', 'DF5E4931-A578-41AD-A79A-6503EAB4DC83');
INSERT INTO `security_role_auth` VALUES ('B6FBE11D-A65F-45B0-957C-9C24D24416F1', 'D7CEA7EC-8CC9-42A3-8125-1FAE15661A48', 'Operation', 'C953BDA3-52AC-49D2-A39B-C7A822F95A4C');
INSERT INTO `security_role_auth` VALUES ('B793E94A-6905-4690-9C93-45673F13D662', '7506D7DA-8E26-49AE-AF5E-40E8912172A4', 'Operation', 'D2CD85A9-1A48-4373-9496-376F5402B858');
INSERT INTO `security_role_auth` VALUES ('B99B4773-7E93-4F5D-912C-3FBDD5A912F5', '895A1379-0B71-4390-955D-92A49ABABDC0', 'Operation', '8B1FE359-E708-466B-9324-DD003477D418');
INSERT INTO `security_role_auth` VALUES ('BC755A3F-FF05-49E0-B6D1-9CD1E667B0CF', '61729215-7F01-417B-A7A9-C4B4E0B9A0A3', 'Operation', 'E74F0296-3814-41BA-AC28-2302FB41306F');
INSERT INTO `security_role_auth` VALUES ('BD0E2DEF-4AC4-4043-9A26-520305E826C0', '00000000-0000-0000-00000000000000000', 'Menu', '00000000-0000-0000-00000000000000000');
INSERT INTO `security_role_auth` VALUES ('C0E46B0F-4861-458E-8CB2-92AC4C13E323', '61729215-7F01-417B-A7A9-C4B4E0B9A0A3', 'Operation', '0F283527-C213-4E9F-BAA2-59F0E38CED48');
INSERT INTO `security_role_auth` VALUES ('C20F372A-91C2-4F3B-9AEE-D65384111AD9', '61729215-7F01-417B-A7A9-C4B4E0B9A0A3', 'Menu', 'D3582A2A-3173-4F92-B1AD-2F999A2CBE18');
INSERT INTO `security_role_auth` VALUES ('C2F8E810-848F-46F0-9533-5CCEA9B322E8', '895A1379-0B71-4390-955D-92A49ABABDC0', 'Operation', '57E4949A-6801-4F14-82FE-36D92E26BACF');
INSERT INTO `security_role_auth` VALUES ('C54D4A3D-2921-43C9-B75F-D4AD97BE7281', '7506D7DA-8E26-49AE-AF5E-40E8912172A4', 'Operation', 'B6F4ADFE-3BCC-4D84-B4CC-1A4991A0556B');
INSERT INTO `security_role_auth` VALUES ('C5CEBD5A-C740-4167-AEBD-C5294AAB6C6F', '61729215-7F01-417B-A7A9-C4B4E0B9A0A3', 'Operation', 'E33BCEC7-9BB5-4CF9-8FCD-76CE7DD0B684');
INSERT INTO `security_role_auth` VALUES ('D891502E-4CFE-40B7-84A9-5F7B0EBE41F8', '61729215-7F01-417B-A7A9-C4B4E0B9A0A3', 'Operation', '1C1A3EA8-FC9C-4856-B372-0DC6D394512E');
INSERT INTO `security_role_auth` VALUES ('D9D00E66-A584-468E-B1D2-6FDCFD36876D', '7506D7DA-8E26-49AE-AF5E-40E8912172A4', 'Operation', '22CF4305-08D1-476F-B17D-556F36AE58BF');
INSERT INTO `security_role_auth` VALUES ('DC1CA5E7-6A0D-450B-93D9-EC71EDC742E1', 'D7CEA7EC-8CC9-42A3-8125-1FAE15661A48', 'Operation', '302FF309-B104-48B0-810B-2E8F0709F2B5');
INSERT INTO `security_role_auth` VALUES ('DC3150A5-3F9D-4A05-9F90-6F8047B550AF', '7506D7DA-8E26-49AE-AF5E-40E8912172A4', 'Menu', 'AD7CE5A0-39C4-4B43-B243-D056BBDF9332');
INSERT INTO `security_role_auth` VALUES ('DCD5F91B-F238-482B-900C-0DB5F4EFFCD9', '7506D7DA-8E26-49AE-AF5E-40E8912172A4', 'Menu', '49F49293-5270-4C72-B7EE-02562627BF03');
INSERT INTO `security_role_auth` VALUES ('DF0BC715-63E7-400D-BF7D-526E0F376566', 'D7CEA7EC-8CC9-42A3-8125-1FAE15661A48', 'Operation', '5DA79901-A8BF-4650-A46A-F4440F7DAEF9');
INSERT INTO `security_role_auth` VALUES ('E39DA31F-A4F7-4C50-8EF1-7E5E054641D8', '7506D7DA-8E26-49AE-AF5E-40E8912172A4', 'Menu', '99EAA89A-59E6-4866-9980-21164DA571F2');
INSERT INTO `security_role_auth` VALUES ('E47D3BFC-66FD-4C71-9C3C-2A8C1B2D2DFF', '61729215-7F01-417B-A7A9-C4B4E0B9A0A3', 'Operation', '745C43D0-441D-4568-BFC0-10E5436C31C5');
INSERT INTO `security_role_auth` VALUES ('E55CA203-3ADE-4437-8680-565B8A5FB620', '7506D7DA-8E26-49AE-AF5E-40E8912172A4', 'Operation', 'B5F84B18-BB64-4F14-9511-B232A44894F1');
INSERT INTO `security_role_auth` VALUES ('E9201431-B654-49F2-81D9-37948D8D55CE', 'D7CEA7EC-8CC9-42A3-8125-1FAE15661A48', 'Operation', '104EB1B4-AF84-42B7-9649-EEDE8726F17A');
INSERT INTO `security_role_auth` VALUES ('F074320D-FD11-4A58-9BA5-29DE7B1AD5D6', '61729215-7F01-417B-A7A9-C4B4E0B9A0A3', 'Menu', 'B29FEBDB-F5D9-41AE-8C2D-451A00B2C51F');
INSERT INTO `security_role_auth` VALUES ('F2B9C959-7E3F-440F-8ED8-824E41A3529B', '61729215-7F01-417B-A7A9-C4B4E0B9A0A3', 'Menu', 'F8C4DC47-8F58-4420-8FC4-4DB1CE35C0F6');
INSERT INTO `security_role_auth` VALUES ('F31500EB-1BA3-49A4-B2D3-AFC46B9B4315', '61729215-7F01-417B-A7A9-C4B4E0B9A0A3', 'Operation', '6EEDC6CB-123D-4311-BD86-956C821D54E2');
INSERT INTO `security_role_auth` VALUES ('F39EEB72-A228-422C-8E49-955231466696', '61729215-7F01-417B-A7A9-C4B4E0B9A0A3', 'Menu', '00000000-0000-0000-00000000000000000');
INSERT INTO `security_role_auth` VALUES ('F4B0C18A-4A49-4B7B-895D-D739492450C2', '895A1379-0B71-4390-955D-92A49ABABDC0', 'Handler', '0248868D-BBBE-4F96-B7C5-FAF4E1556570');
INSERT INTO `security_role_auth` VALUES ('F7CF5B9F-0AE1-4FDA-A134-CC8949A3FDBF', 'D7CEA7EC-8CC9-42A3-8125-1FAE15661A48', 'Handler', '7782AD69-8FDC-4F5D-8510-36FD8D3BF249');
INSERT INTO `security_role_auth` VALUES ('FA9A2F8D-C67B-4EAE-BA07-D2C138F3C00B', '7506D7DA-8E26-49AE-AF5E-40E8912172A4', 'Operation', '4330D785-FF0D-474D-AE29-D759B4BD8DF2');
INSERT INTO `security_role_auth` VALUES ('FE6B1934-E7BC-4AAE-8019-17A018A4CE12', '7506D7DA-8E26-49AE-AF5E-40E8912172A4', 'Handler', '67CF818A-7AB6-43CB-BDD5-A57B5FC2C512');
INSERT INTO `security_role_auth` VALUES ('FF0B57BD-3B00-4566-AE72-F0B605DCF840', '7506D7DA-8E26-49AE-AF5E-40E8912172A4', 'Menu', '00000000-0000-0000-00000000000000000');
INSERT INTO `security_role_auth` VALUES ('FF861468-29A3-4BD4-99C3-730F4E12413E', 'D7CEA7EC-8CC9-42A3-8125-1FAE15661A48', 'Menu', 'AD7CE5A0-39C4-4B43-B243-D056BBDF9332');

-- ----------------------------
-- Table structure for security_role_group_rel
-- ----------------------------
DROP TABLE IF EXISTS `security_role_group_rel`;
CREATE TABLE `security_role_group_rel` (
  `GRP_ID` varchar(36) NOT NULL,
  `ROLE_ID` varchar(36) NOT NULL,
  PRIMARY KEY (`GRP_ID`,`ROLE_ID`)
) ENGINE=InnoDB DEFAULT CHARSET=utf8;

-- ----------------------------
-- Records of security_role_group_rel
-- ----------------------------
INSERT INTO `security_role_group_rel` VALUES ('00000000-0000-0000-00000000000000000', '00000000-0000-0000-00000000000000000');
INSERT INTO `security_role_group_rel` VALUES ('21E50836-912E-4DB8-82CB-9B32C8A44C9F', '00000000-0000-0000-00000000000000000');
INSERT INTO `security_role_group_rel` VALUES ('21E50836-912E-4DB8-82CB-9B32C8A44C9F', '25788B54-CE0A-4137-8890-EFA4F0DE06B6');
INSERT INTO `security_role_group_rel` VALUES ('23F5915B-C8F1-4BA5-AED9-7CE50B11D5F4', '00000000-0000-0000-00000000000000000');
INSERT INTO `security_role_group_rel` VALUES ('23F5915B-C8F1-4BA5-AED9-7CE50B11D5F4', '25788B54-CE0A-4137-8890-EFA4F0DE06B6');
INSERT INTO `security_role_group_rel` VALUES ('315F898C-A008-4F77-BAB0-4FDF935F7B1F', '00000000-0000-0000-00000000000000000');
INSERT INTO `security_role_group_rel` VALUES ('315F898C-A008-4F77-BAB0-4FDF935F7B1F', '25788B54-CE0A-4137-8890-EFA4F0DE06B6');
INSERT INTO `security_role_group_rel` VALUES ('BBD420A2-68AE-49C2-B3D8-78DC166F511F', '00000000-0000-0000-00000000000000000');

-- ----------------------------
-- Table structure for security_user
-- ----------------------------
DROP TABLE IF EXISTS `security_user`;
CREATE TABLE `security_user` (
  `USER_ID` varchar(36) NOT NULL,
  `USER_CODE` varchar(32) DEFAULT NULL,
  `USER_NAME` varchar(32) DEFAULT NULL,
  `USER_PWD` varchar(32) DEFAULT NULL,
  `USER_SEX` varchar(1) DEFAULT NULL,
  `USER_DESC` varchar(128) DEFAULT NULL,
  `USER_STATE` varchar(32) DEFAULT NULL,
  `USER_SORT` int(11) DEFAULT NULL,
  `USER_MAIL` varchar(64) DEFAULT NULL,
  `USER_PHONE` varchar(64) DEFAULT NULL,
  `USER_WX_OPENID` varchar(64) DEFAULT NULL,
  PRIMARY KEY (`USER_ID`)
) ENGINE=InnoDB DEFAULT CHARSET=utf8;

-- ----------------------------
-- Records of security_user
-- ----------------------------
INSERT INTO `security_user` VALUES ('57ECFB2D-1F40-4136-AD2F-87D37A9AEFB5', 'CS01', '张老大', 'DAE6CDC2B49F7C32164BE2AF1A7916AA', 'M', '普通用户', '1', '3', '', '', null);
INSERT INTO `security_user` VALUES ('7DE6ED51-3F4B-4BE6-84A6-17BC6186CC24', 'admin', '管理员', '21232F297A57A5A743894A0E4A801FC3', 'M', '内置账户，勿删！！', '1', '1', null, null, null);
INSERT INTO `security_user` VALUES ('9C548347-0732-4D83-B860-11531C2B58E5', 'CS04', '赵小四', 'FBAF749E6A085DCBBE41FF5C030EBF98', 'M', '普通用户', '1', '0', '', '', null);
INSERT INTO `security_user` VALUES ('B9E0DDB0-F0A3-4CF8-94A4-C806FFA868D0', 'CS03', '孙小三', '25EC07853BDC7B87DD021F5580C70855', 'M', '普通用户', '1', '0', '', '', null);
INSERT INTO `security_user` VALUES ('E011D0E7-C777-4CC8-BEBD-EBC8E63E797D', 'CS02', '赵小二', '39661AF3C6AFE19E95700A0E7373446A', 'M', '普通用户', '1', '0', '', '', null);

-- ----------------------------
-- Table structure for security_user_auth
-- ----------------------------
DROP TABLE IF EXISTS `security_user_auth`;
CREATE TABLE `security_user_auth` (
  `USER_AUTH_ID` varchar(36) NOT NULL,
  `USER_ID` varchar(36) DEFAULT NULL,
  `RES_TYPE` varchar(32) DEFAULT NULL,
  `RES_ID` varchar(36) DEFAULT NULL,
  PRIMARY KEY (`USER_AUTH_ID`)
) ENGINE=InnoDB DEFAULT CHARSET=utf8;

-- ----------------------------
-- Records of security_user_auth
-- ----------------------------

-- ----------------------------
-- Table structure for security_user_group_rel
-- ----------------------------
DROP TABLE IF EXISTS `security_user_group_rel`;
CREATE TABLE `security_user_group_rel` (
  `GRP_ID` varchar(36) NOT NULL,
  `USER_ID` varchar(36) NOT NULL,
  PRIMARY KEY (`GRP_ID`,`USER_ID`)
) ENGINE=InnoDB DEFAULT CHARSET=utf8;

-- ----------------------------
-- Records of security_user_group_rel
-- ----------------------------
INSERT INTO `security_user_group_rel` VALUES ('', '4C287143-3D36-4F75-9389-C9DC5B57C8AF');
INSERT INTO `security_user_group_rel` VALUES ('', '8EB5AE29-0FC2-4454-8F4B-FAF5E338F6FE');
INSERT INTO `security_user_group_rel` VALUES ('00000000-0000-0000-00000000000000000', 'D67622CD-EBA3-48B0-BBF4-46D3BFD567F2');
INSERT INTO `security_user_group_rel` VALUES ('0E12268C-BD14-4FCE-A7C0-A8A5D55ED842', '221DE355-458C-4496-92BE-56028EB2FDB1');
INSERT INTO `security_user_group_rel` VALUES ('0E12268C-BD14-4FCE-A7C0-A8A5D55ED842', 'E011D0E7-C777-4CC8-BEBD-EBC8E63E797D');
INSERT INTO `security_user_group_rel` VALUES ('3435DD86-53B8-41DC-BE10-0463428D18D6', '36CE7A69-7019-4C1E-B3EC-CA576FF0C2F9');
INSERT INTO `security_user_group_rel` VALUES ('3435DD86-53B8-41DC-BE10-0463428D18D6', '4EA50C76-BDD9-4D01-9F9A-D712C01F2C42');
INSERT INTO `security_user_group_rel` VALUES ('3435DD86-53B8-41DC-BE10-0463428D18D6', '57ECFB2D-1F40-4136-AD2F-87D37A9AEFB5');
INSERT INTO `security_user_group_rel` VALUES ('3435DD86-53B8-41DC-BE10-0463428D18D6', '9C548347-0732-4D83-B860-11531C2B58E5');
INSERT INTO `security_user_group_rel` VALUES ('3435DD86-53B8-41DC-BE10-0463428D18D6', 'ADE5BCC4-35CD-4C32-A9F5-A4506BCF62CE');
INSERT INTO `security_user_group_rel` VALUES ('3435DD86-53B8-41DC-BE10-0463428D18D6', 'B9E0DDB0-F0A3-4CF8-94A4-C806FFA868D0');
INSERT INTO `security_user_group_rel` VALUES ('3435DD86-53B8-41DC-BE10-0463428D18D6', 'E339FF4B-13CD-4DE1-A97B-9C3BC2213455');
INSERT INTO `security_user_group_rel` VALUES ('3435DD86-53B8-41DC-BE10-0463428D18D6', 'EF9EAB93-89A4-45C5-A4A7-B79B2370D524');
INSERT INTO `security_user_group_rel` VALUES ('3435DD86-53B8-41DC-BE10-0463428D18D6', 'EFC1AA2D-B7EB-4469-B3D6-161747B3B328');
INSERT INTO `security_user_group_rel` VALUES ('42FE2AE3-DBA0-498B-86BC-05E35D123A3E', '221DE355-458C-4496-92BE-56028EB2FDB1');
INSERT INTO `security_user_group_rel` VALUES ('42FE2AE3-DBA0-498B-86BC-05E35D123A3E', 'E011D0E7-C777-4CC8-BEBD-EBC8E63E797D');
INSERT INTO `security_user_group_rel` VALUES ('42FE2AE3-DBA0-498B-86BC-05E35D123A3E', 'FE64463E-A60E-485B-BCF8-D3EB64079C5F');
INSERT INTO `security_user_group_rel` VALUES ('72A9E7B1-5B47-4822-ACA0-A8CB1EE78506', '4EA50C76-BDD9-4D01-9F9A-D712C01F2C42');
INSERT INTO `security_user_group_rel` VALUES ('72A9E7B1-5B47-4822-ACA0-A8CB1EE78506', '9C548347-0732-4D83-B860-11531C2B58E5');
INSERT INTO `security_user_group_rel` VALUES ('72A9E7B1-5B47-4822-ACA0-A8CB1EE78506', 'ADE5BCC4-35CD-4C32-A9F5-A4506BCF62CE');
INSERT INTO `security_user_group_rel` VALUES ('72A9E7B1-5B47-4822-ACA0-A8CB1EE78506', 'B9E0DDB0-F0A3-4CF8-94A4-C806FFA868D0');
INSERT INTO `security_user_group_rel` VALUES ('72A9E7B1-5B47-4822-ACA0-A8CB1EE78506', 'E339FF4B-13CD-4DE1-A97B-9C3BC2213455');
INSERT INTO `security_user_group_rel` VALUES ('B6F11BD3-DE55-4F14-A400-540B9E4F45F3', 'A585806E-85A1-4FF4-BDA8-777DD20A6CFF');
INSERT INTO `security_user_group_rel` VALUES ('B6F11BD3-DE55-4F14-A400-540B9E4F45F3', 'AAEEC866-268A-4D3A-BC5A-781CF7CC5EE5');
INSERT INTO `security_user_group_rel` VALUES ('B6F11BD3-DE55-4F14-A400-540B9E4F45F3', 'B5F8B936-2A8C-4712-8E9F-2F6711AC1BF6');
INSERT INTO `security_user_group_rel` VALUES ('B6F11BD3-DE55-4F14-A400-540B9E4F45F3', 'CB68BF5F-E502-470A-8E1F-82609EF48A3C');
INSERT INTO `security_user_group_rel` VALUES ('B6F11BD3-DE55-4F14-A400-540B9E4F45F3', 'F4152C37-13E4-46AD-AE94-B32A305136D8');
INSERT INTO `security_user_group_rel` VALUES ('B6F11BD3-DE55-4F14-A400-540B9E4F45F3', 'FFE66429-49CD-41EB-940D-E55DBBA64E86');
INSERT INTO `security_user_group_rel` VALUES ('FDB148EF-9146-4675-AB8E-0CE85164B67A', '1B14C519-74DB-44C1-AE89-E172B827B6E6');
INSERT INTO `security_user_group_rel` VALUES ('FDB148EF-9146-4675-AB8E-0CE85164B67A', '21F3BA0E-1D7C-4289-989B-CAA6104F27A4');
INSERT INTO `security_user_group_rel` VALUES ('FDB148EF-9146-4675-AB8E-0CE85164B67A', '221DE355-458C-4496-92BE-56028EB2FDB1');
INSERT INTO `security_user_group_rel` VALUES ('FDB148EF-9146-4675-AB8E-0CE85164B67A', '32188D94-20C3-44C3-BA02-5299E61E2BBE');
INSERT INTO `security_user_group_rel` VALUES ('FDB148EF-9146-4675-AB8E-0CE85164B67A', '4BDC45AA-CABE-4803-B181-475D8769A529');
INSERT INTO `security_user_group_rel` VALUES ('FDB148EF-9146-4675-AB8E-0CE85164B67A', '57ECFB2D-1F40-4136-AD2F-87D37A9AEFB5');
INSERT INTO `security_user_group_rel` VALUES ('FDB148EF-9146-4675-AB8E-0CE85164B67A', '9CBD7319-4796-4B72-8CC2-D4683483E743');
INSERT INTO `security_user_group_rel` VALUES ('FDB148EF-9146-4675-AB8E-0CE85164B67A', '9D33DFBB-3037-46B5-AD24-A6991EDE900A');
INSERT INTO `security_user_group_rel` VALUES ('FDB148EF-9146-4675-AB8E-0CE85164B67A', 'AE507C59-2FD4-4E17-A114-43B9FB58928C');
INSERT INTO `security_user_group_rel` VALUES ('FDB148EF-9146-4675-AB8E-0CE85164B67A', 'D50E577C-DA81-49E1-A409-CD71D9FFCCBE');
INSERT INTO `security_user_group_rel` VALUES ('FDB148EF-9146-4675-AB8E-0CE85164B67A', 'E011D0E7-C777-4CC8-BEBD-EBC8E63E797D');
INSERT INTO `security_user_group_rel` VALUES ('FDB148EF-9146-4675-AB8E-0CE85164B67A', 'EDDC1E97-BA7F-4F68-80FA-785233287074');
INSERT INTO `security_user_group_rel` VALUES ('FDB148EF-9146-4675-AB8E-0CE85164B67A', 'EF9EAB93-89A4-45C5-A4A7-B79B2370D524');
INSERT INTO `security_user_group_rel` VALUES ('FDB148EF-9146-4675-AB8E-0CE85164B67A', 'FB9A9256-0E88-4DA1-8649-1767644E1BED');
INSERT INTO `security_user_group_rel` VALUES ('FDB148EF-9146-4675-AB8E-0CE85164B67A', 'FE64463E-A60E-485B-BCF8-D3EB64079C5F');
INSERT INTO `security_user_group_rel` VALUES ('人力资源部', '59A8E797-7FD4-4C57-96A2-1B18B6857EDC');
INSERT INTO `security_user_group_rel` VALUES ('人力资源部', '6EE129C4-9823-4011-BCBE-E0E955B71E4F');
INSERT INTO `security_user_group_rel` VALUES ('信息部', 'A21D1424-1D12-492B-BE49-11E2368292B3');
INSERT INTO `security_user_group_rel` VALUES ('信息部', 'A321A845-A642-4197-9235-1E185155B1B4');
INSERT INTO `security_user_group_rel` VALUES ('信息部', 'B9125719-76A4-4582-875B-40E8FBCDFEE8');
INSERT INTO `security_user_group_rel` VALUES ('信息部', 'CB3E4581-4C10-4C50-A97D-9171536289EF');
INSERT INTO `security_user_group_rel` VALUES ('信息部', 'CC76605A-F50A-4205-BE3E-D96C8923AE5E');
INSERT INTO `security_user_group_rel` VALUES ('信息部', 'CDF27CF4-1F8F-4DA1-A0A7-FAA4FB25D446');
INSERT INTO `security_user_group_rel` VALUES ('信息部', 'CEB96C06-C54E-4DAB-BD20-BF6EE4B789CB');
INSERT INTO `security_user_group_rel` VALUES ('信息部', 'D3A31CFE-5822-43B7-BA56-45DB8C05A082');
INSERT INTO `security_user_group_rel` VALUES ('信息部', 'E8212955-B64B-4D43-A7A3-899D2CB4E309');

-- ----------------------------
-- Table structure for security_user_role_rel
-- ----------------------------
DROP TABLE IF EXISTS `security_user_role_rel`;
CREATE TABLE `security_user_role_rel` (
  `ROLE_ID` varchar(36) NOT NULL,
  `USER_ID` varchar(36) NOT NULL,
  PRIMARY KEY (`ROLE_ID`,`USER_ID`)
) ENGINE=InnoDB DEFAULT CHARSET=utf8;

-- ----------------------------
-- Records of security_user_role_rel
-- ----------------------------
INSERT INTO `security_user_role_rel` VALUES ('00000000-0000-0000-00000000000000000', '01355EDD-C556-4003-AFCE-0E777D4C2776');
INSERT INTO `security_user_role_rel` VALUES ('00000000-0000-0000-00000000000000000', '3C927795-572A-4478-871E-5AC72C165BCB');
INSERT INTO `security_user_role_rel` VALUES ('00000000-0000-0000-00000000000000000', '6A4BD4CD-5A31-4510-A4D0-A227C0CECA93');
INSERT INTO `security_user_role_rel` VALUES ('00000000-0000-0000-00000000000000000', '7DE6ED51-3F4B-4BE6-84A6-17BC6186CC24');
INSERT INTO `security_user_role_rel` VALUES ('00000000-0000-0000-00000000000000000', 'F1580191-F60D-438E-9B59-3C1E491E9E78');
INSERT INTO `security_user_role_rel` VALUES ('61729215-7F01-417B-A7A9-C4B4E0B9A0A3', '221DE355-458C-4496-92BE-56028EB2FDB1');
INSERT INTO `security_user_role_rel` VALUES ('61729215-7F01-417B-A7A9-C4B4E0B9A0A3', '4EA50C76-BDD9-4D01-9F9A-D712C01F2C42');
INSERT INTO `security_user_role_rel` VALUES ('61729215-7F01-417B-A7A9-C4B4E0B9A0A3', '57ECFB2D-1F40-4136-AD2F-87D37A9AEFB5');
INSERT INTO `security_user_role_rel` VALUES ('61729215-7F01-417B-A7A9-C4B4E0B9A0A3', '9C548347-0732-4D83-B860-11531C2B58E5');
INSERT INTO `security_user_role_rel` VALUES ('61729215-7F01-417B-A7A9-C4B4E0B9A0A3', 'ADE5BCC4-35CD-4C32-A9F5-A4506BCF62CE');
INSERT INTO `security_user_role_rel` VALUES ('61729215-7F01-417B-A7A9-C4B4E0B9A0A3', 'B9E0DDB0-F0A3-4CF8-94A4-C806FFA868D0');
INSERT INTO `security_user_role_rel` VALUES ('61729215-7F01-417B-A7A9-C4B4E0B9A0A3', 'E011D0E7-C777-4CC8-BEBD-EBC8E63E797D');
INSERT INTO `security_user_role_rel` VALUES ('61729215-7F01-417B-A7A9-C4B4E0B9A0A3', 'E339FF4B-13CD-4DE1-A97B-9C3BC2213455');
INSERT INTO `security_user_role_rel` VALUES ('61729215-7F01-417B-A7A9-C4B4E0B9A0A3', 'EF9EAB93-89A4-45C5-A4A7-B79B2370D524');
INSERT INTO `security_user_role_rel` VALUES ('61729215-7F01-417B-A7A9-C4B4E0B9A0A3', 'EFC1AA2D-B7EB-4469-B3D6-161747B3B328');
INSERT INTO `security_user_role_rel` VALUES ('61729215-7F01-417B-A7A9-C4B4E0B9A0A3', 'FE64463E-A60E-485B-BCF8-D3EB64079C5F');
INSERT INTO `security_user_role_rel` VALUES ('7506D7DA-8E26-49AE-AF5E-40E8912172A4', '221DE355-458C-4496-92BE-56028EB2FDB1');
INSERT INTO `security_user_role_rel` VALUES ('7506D7DA-8E26-49AE-AF5E-40E8912172A4', '57ECFB2D-1F40-4136-AD2F-87D37A9AEFB5');
INSERT INTO `security_user_role_rel` VALUES ('7506D7DA-8E26-49AE-AF5E-40E8912172A4', 'E011D0E7-C777-4CC8-BEBD-EBC8E63E797D');
INSERT INTO `security_user_role_rel` VALUES ('7506D7DA-8E26-49AE-AF5E-40E8912172A4', 'EF9EAB93-89A4-45C5-A4A7-B79B2370D524');
INSERT INTO `security_user_role_rel` VALUES ('7506D7DA-8E26-49AE-AF5E-40E8912172A4', 'FE64463E-A60E-485B-BCF8-D3EB64079C5F');
INSERT INTO `security_user_role_rel` VALUES ('8752C789-44BD-4941-AEF1-B9CC8B5C3CC6', '0098122C-C06E-4316-85B7-54C2646329AF');
INSERT INTO `security_user_role_rel` VALUES ('8752C789-44BD-4941-AEF1-B9CC8B5C3CC6', '32188D94-20C3-44C3-BA02-5299E61E2BBE');
INSERT INTO `security_user_role_rel` VALUES ('8752C789-44BD-4941-AEF1-B9CC8B5C3CC6', '638EB00D-8CE9-40CD-B1D4-65BAFB48BFFE');
INSERT INTO `security_user_role_rel` VALUES ('8752C789-44BD-4941-AEF1-B9CC8B5C3CC6', '7DE6ED51-3F4B-4BE6-84A6-17BC6186CC24');
INSERT INTO `security_user_role_rel` VALUES ('895A1379-0B71-4390-955D-92A49ABABDC0', '221DE355-458C-4496-92BE-56028EB2FDB1');
INSERT INTO `security_user_role_rel` VALUES ('895A1379-0B71-4390-955D-92A49ABABDC0', '57ECFB2D-1F40-4136-AD2F-87D37A9AEFB5');
INSERT INTO `security_user_role_rel` VALUES ('895A1379-0B71-4390-955D-92A49ABABDC0', 'E011D0E7-C777-4CC8-BEBD-EBC8E63E797D');
INSERT INTO `security_user_role_rel` VALUES ('895A1379-0B71-4390-955D-92A49ABABDC0', 'EF9EAB93-89A4-45C5-A4A7-B79B2370D524');
INSERT INTO `security_user_role_rel` VALUES ('895A1379-0B71-4390-955D-92A49ABABDC0', 'FE64463E-A60E-485B-BCF8-D3EB64079C5F');
INSERT INTO `security_user_role_rel` VALUES ('D4094F0E-8087-4AAD-A957-01797000BB42', 'CDADE387-273C-45D0-8858-8AC0050DC78E');
INSERT INTO `security_user_role_rel` VALUES ('D7CEA7EC-8CC9-42A3-8125-1FAE15661A48', '221DE355-458C-4496-92BE-56028EB2FDB1');
INSERT INTO `security_user_role_rel` VALUES ('D7CEA7EC-8CC9-42A3-8125-1FAE15661A48', '7F89F556-E9AB-4BFC-8D7A-E0D5879665E5');
INSERT INTO `security_user_role_rel` VALUES ('D7CEA7EC-8CC9-42A3-8125-1FAE15661A48', 'E011D0E7-C777-4CC8-BEBD-EBC8E63E797D');

-- ----------------------------
-- Table structure for sys_codelist
-- ----------------------------
DROP TABLE IF EXISTS `sys_codelist`;
CREATE TABLE `sys_codelist` (
  `TYPE_ID` varchar(32) NOT NULL,
  `CODE_ID` varchar(32) NOT NULL,
  `CODE_NAME` varchar(32) DEFAULT NULL,
  `CODE_DESC` varchar(128) DEFAULT NULL,
  `CODE_SORT` int(11) DEFAULT NULL,
  `CODE_FLAG` varchar(32) DEFAULT NULL,
  PRIMARY KEY (`TYPE_ID`,`CODE_ID`)
) ENGINE=InnoDB DEFAULT CHARSET=utf8;

-- ----------------------------
-- Records of sys_codelist
-- ----------------------------
INSERT INTO `sys_codelist` VALUES ('APP_RESULT', 'NO', '不同意', '', '2', '1');
INSERT INTO `sys_codelist` VALUES ('APP_RESULT', 'YES', '同意', '', '1', '1');
INSERT INTO `sys_codelist` VALUES ('BOOL_DEFINE', 'N', '否', '', '2', '1');
INSERT INTO `sys_codelist` VALUES ('BOOL_DEFINE', 'Y', '是', '', '1', '1');
INSERT INTO `sys_codelist` VALUES ('CODE_TYPE_GROUP', 'app_code_define', '应用编码', 'null', '1', '1');
INSERT INTO `sys_codelist` VALUES ('CODE_TYPE_GROUP', 'sys_code_define', '系统编码', '系统编码123a1', '3', '1');
INSERT INTO `sys_codelist` VALUES ('EMP_EDUCATION', '0', '初中', '', '1', '1');
INSERT INTO `sys_codelist` VALUES ('EMP_EDUCATION', '1', '高中', '', '2', '1');
INSERT INTO `sys_codelist` VALUES ('EMP_EDUCATION', '2', '中技', '', '3', '1');
INSERT INTO `sys_codelist` VALUES ('EMP_EDUCATION', '3', '中专', '', '4', '1');
INSERT INTO `sys_codelist` VALUES ('EMP_EDUCATION', '4', '大专', '', '5', '1');
INSERT INTO `sys_codelist` VALUES ('EMP_EDUCATION', '5', '本科', '', '6', '1');
INSERT INTO `sys_codelist` VALUES ('EMP_EDUCATION', '6', 'MBA', '', '7', '1');
INSERT INTO `sys_codelist` VALUES ('EMP_EDUCATION', '7', '硕士', '', '8', '1');
INSERT INTO `sys_codelist` VALUES ('EMP_EDUCATION', '8', '博士', '', '9', '1');
INSERT INTO `sys_codelist` VALUES ('EMP_EDUCATION', '9', '其他', '', '10', '1');
INSERT INTO `sys_codelist` VALUES ('EMP_MARITAL_STATUS', '0', '未婚', '', '1', '1');
INSERT INTO `sys_codelist` VALUES ('EMP_MARITAL_STATUS', '1', '已婚', '', '2', '1');
INSERT INTO `sys_codelist` VALUES ('EMP_MARITAL_STATUS', '2', '离异', '', '3', '1');
INSERT INTO `sys_codelist` VALUES ('EMP_PARTY', '0', '群众', '', '1', '1');
INSERT INTO `sys_codelist` VALUES ('EMP_PARTY', '1', '党员', '', '2', '1');
INSERT INTO `sys_codelist` VALUES ('EMP_STATE', 'approved', '已核准', '', '2', '1');
INSERT INTO `sys_codelist` VALUES ('EMP_STATE', 'drafe', '草稿', '', '1', '1');
INSERT INTO `sys_codelist` VALUES ('EXPE_TRANSPORTATION_WAY', '0', '汽车', '', '1', '1');
INSERT INTO `sys_codelist` VALUES ('EXPE_TRANSPORTATION_WAY', '1', '火车', '', '2', '1');
INSERT INTO `sys_codelist` VALUES ('EXPE_TRANSPORTATION_WAY', '2', '轮船', '', '3', '1');
INSERT INTO `sys_codelist` VALUES ('EXPE_TRANSPORTATION_WAY', '3', '飞机', '', '4', '1');
INSERT INTO `sys_codelist` VALUES ('FUNCTION_TYPE', 'funcmenu', '功能菜单', '', '1', '1');
INSERT INTO `sys_codelist` VALUES ('FUNCTION_TYPE', 'funcnode', '功能节点', '', '1', '1');
INSERT INTO `sys_codelist` VALUES ('HANDLER_TYPE', 'MAIN', '主控制器', '', '1', '1');
INSERT INTO `sys_codelist` VALUES ('HANDLER_TYPE', 'OTHER', '其他控制器', '', '2', '1');
INSERT INTO `sys_codelist` VALUES ('LEA_TYPE', '0', '病假', '', '1', '1');
INSERT INTO `sys_codelist` VALUES ('LEA_TYPE', '1', '事假', '', '2', '1');
INSERT INTO `sys_codelist` VALUES ('MENUTREE_CASCADE', '0', '关闭', '', '1', '1');
INSERT INTO `sys_codelist` VALUES ('MENUTREE_CASCADE', '1', '展开', '', '2', '1');
INSERT INTO `sys_codelist` VALUES ('OPER_CTR_TYPE', 'disableMode', '不能操作', '', '2', '1');
INSERT INTO `sys_codelist` VALUES ('OPER_CTR_TYPE', 'hiddenMode', '隐藏按钮', '', '1', '1');
INSERT INTO `sys_codelist` VALUES ('POSITION_TYPE', 'dummy_postion', '虚拟岗位', 'null', '1', '1');
INSERT INTO `sys_codelist` VALUES ('POSITION_TYPE', 'real_postion', '实际岗位', 'null', '1', '1');
INSERT INTO `sys_codelist` VALUES ('RES_TYPE', 'IMAGE', '图片文件', '', '2', '1');
INSERT INTO `sys_codelist` VALUES ('RES_TYPE', 'ISO', '镜像文件', '', '1', '1');
INSERT INTO `sys_codelist` VALUES ('RES_TYPE', 'VIDEO', '视频文件', '', '3', '1');
INSERT INTO `sys_codelist` VALUES ('SAL_STATE', '0', '初始化', '', '1', '1');
INSERT INTO `sys_codelist` VALUES ('SAL_STATE', '1', '已核准', '', '2', '1');
INSERT INTO `sys_codelist` VALUES ('STATE', 'approved', '已核准', '', '3', '1');
INSERT INTO `sys_codelist` VALUES ('STATE', 'drafe', '草稿', '', '1', '1');
INSERT INTO `sys_codelist` VALUES ('STATE', 'submitted', '已提交', '', '2', '1');
INSERT INTO `sys_codelist` VALUES ('SYS_VALID_TYPE', '0', '无效', 'null', '2', '1');
INSERT INTO `sys_codelist` VALUES ('SYS_VALID_TYPE', '1', '有效', 'null', '1', '1');
INSERT INTO `sys_codelist` VALUES ('UNIT_TYPE', 'dept', '部门', '', '10', '1');
INSERT INTO `sys_codelist` VALUES ('UNIT_TYPE', 'org', '机构', '', '20', '1');
INSERT INTO `sys_codelist` VALUES ('UNIT_TYPE', 'post', '岗位', '', '30', '1');
INSERT INTO `sys_codelist` VALUES ('USER_SEX', 'F', '女', '', '2', '1');
INSERT INTO `sys_codelist` VALUES ('USER_SEX', 'M', '男', 'null', '1', '1');
INSERT INTO `sys_codelist` VALUES ('WOT_TIME', '0', '0.5', '', '1', '1');
INSERT INTO `sys_codelist` VALUES ('WOT_TIME', '1', '1', '', '2', '1');
INSERT INTO `sys_codelist` VALUES ('WOT_TIME', '2', '2', '', '3', '1');
INSERT INTO `sys_codelist` VALUES ('WOT_TIME', '3', '3', '', '4', '1');
INSERT INTO `sys_codelist` VALUES ('WOT_TIME', '4', '4', '', '5', '1');
INSERT INTO `sys_codelist` VALUES ('WOT_TIME', '5', '5', '', '6', '1');
INSERT INTO `sys_codelist` VALUES ('WOT_TIME_COMPANY', 'day', '天', '', '2', '1');
INSERT INTO `sys_codelist` VALUES ('WOT_TIME_COMPANY', 'hour', '小时', '', '1', '1');

-- ----------------------------
-- Table structure for sys_codetype
-- ----------------------------
DROP TABLE IF EXISTS `sys_codetype`;
CREATE TABLE `sys_codetype` (
  `TYPE_ID` varchar(32) NOT NULL,
  `TYPE_NAME` varchar(32) DEFAULT NULL,
  `TYPE_GROUP` varchar(32) DEFAULT NULL,
  `TYPE_DESC` varchar(128) DEFAULT NULL,
  `IS_CACHED` char(1) DEFAULT NULL,
  `IS_UNITEADMIN` char(1) DEFAULT NULL,
  `IS_EDITABLE` char(1) DEFAULT NULL,
  `LEGNTT_LIMIT` varchar(6) DEFAULT NULL,
  `CHARACTER_LIMIT` char(1) DEFAULT NULL,
  `EXTEND_SQL` char(1) DEFAULT NULL,
  `SQL_BODY` varchar(512) DEFAULT NULL,
  `SQL_COND` varchar(256) DEFAULT NULL,
  PRIMARY KEY (`TYPE_ID`)
) ENGINE=InnoDB DEFAULT CHARSET=utf8;

-- ----------------------------
-- Records of sys_codetype
-- ----------------------------
INSERT INTO `sys_codetype` VALUES ('APP_RESULT', '核准結果', 'sys_code_define', '', 'Y', 'Y', 'Y', '10', '', null, null, null);
INSERT INTO `sys_codetype` VALUES ('BOOL_DEFINE', '布尔定义', 'sys_code_define', '', 'Y', 'Y', 'Y', '1', 'C', '', '', '');
INSERT INTO `sys_codetype` VALUES ('CODE_TYPE_GROUP', '编码类型分组', 'app_code_define', '编码类型分组', null, null, null, null, null, null, null, null);
INSERT INTO `sys_codetype` VALUES ('EMP_EDUCATION', '学历', 'sys_code_define', null, 'Y', 'Y', 'Y', '', null, null, null, null);
INSERT INTO `sys_codetype` VALUES ('EMP_MARITAL_STATUS', '婚姻状况', 'sys_code_define', null, 'Y', 'Y', 'Y', '', null, null, null, null);
INSERT INTO `sys_codetype` VALUES ('EMP_PARTY', '政治面貌', 'sys_code_define', null, 'Y', 'Y', 'Y', '', null, null, null, null);
INSERT INTO `sys_codetype` VALUES ('EMP_STATE', '基本信息状态', 'sys_code_define', null, 'Y', 'Y', 'Y', '', null, null, null, null);
INSERT INTO `sys_codetype` VALUES ('EXPE_TRANSPORTATION_WAY', '交通方式', 'sys_code_define', null, 'Y', 'Y', 'Y', '', null, null, null, null);
INSERT INTO `sys_codetype` VALUES ('FUNCTION_TYPE', '功能类型', 'sys_code_define', null, null, null, null, null, null, null, null, null);
INSERT INTO `sys_codetype` VALUES ('HANDLER_TYPE', '控制器类型', 'sys_code_define', '', 'N', 'Y', 'Y', '32', 'C', null, null, null);
INSERT INTO `sys_codetype` VALUES ('LEA_TYPE', '请假类型', 'sys_code_define', null, 'Y', 'Y', 'Y', '', null, null, null, null);
INSERT INTO `sys_codetype` VALUES ('MENUTREE_CASCADE', '是否展开', 'sys_code_define', '', 'Y', 'Y', 'Y', '1', 'N', 'N', '', '');
INSERT INTO `sys_codetype` VALUES ('OPER_CTR_TYPE', '操作控制类型', 'sys_code_define', null, null, null, null, null, null, null, null, null);
INSERT INTO `sys_codetype` VALUES ('POSITION_TYPE', '岗位类型', 'app_code_define', null, null, null, null, null, null, null, null, null);
INSERT INTO `sys_codetype` VALUES ('RES_TYPE', '资源类型', 'sys_code_define', '', 'N', 'Y', 'Y', '16', 'C', null, null, null);
INSERT INTO `sys_codetype` VALUES ('SAL_STATE', '薪资状态', 'sys_code_define', null, 'Y', 'Y', 'Y', '', null, null, null, null);
INSERT INTO `sys_codetype` VALUES ('STATE', '状态', 'sys_code_define', null, 'Y', 'Y', 'Y', '', null, null, null, null);
INSERT INTO `sys_codetype` VALUES ('SYS_VALID_TYPE', '有效标识符', 'app_code_define', null, null, null, null, null, null, null, null, null);
INSERT INTO `sys_codetype` VALUES ('UNIT_TYPE', '单位类型', 'app_code_define', null, null, null, null, null, null, null, null, null);
INSERT INTO `sys_codetype` VALUES ('USER_SEX', '性别类型', 'sys_code_define', '', 'N', 'Y', 'Y', '16', 'C', null, null, null);
INSERT INTO `sys_codetype` VALUES ('WOT_TIME', '加班时间', 'sys_code_define', null, 'Y', 'Y', 'Y', '', null, null, null, null);
INSERT INTO `sys_codetype` VALUES ('WOT_TIME_COMPANY', '加班时长单位', 'sys_code_define', '', 'Y', 'Y', 'Y', '20', '', 'N', '', '');

-- ----------------------------
-- Table structure for sys_function
-- ----------------------------
DROP TABLE IF EXISTS `sys_function`;
CREATE TABLE `sys_function` (
  `FUNC_ID` varchar(36) NOT NULL,
  `FUNC_NAME` varchar(64) DEFAULT NULL,
  `FUNC_TYPE` varchar(32) DEFAULT NULL,
  `MAIN_HANDLER` varchar(36) DEFAULT NULL,
  `FUNC_PID` varchar(36) DEFAULT NULL,
  `FUNC_STATE` char(1) DEFAULT NULL,
  `FUNC_SORT` int(11) DEFAULT NULL,
  `FUNC_DESC` varchar(256) DEFAULT NULL,
  PRIMARY KEY (`FUNC_ID`)
) ENGINE=InnoDB DEFAULT CHARSET=utf8;

-- ----------------------------
-- Records of sys_function
-- ----------------------------
INSERT INTO `sys_function` VALUES ('00000000-0000-0000-00000000000000000', '人力资源系统', 'funcmenu', null, null, '1', null, null);
INSERT INTO `sys_function` VALUES ('00000000-0000-0000-00000000000000001', '系统管理', 'funcmenu', '', '00000000-0000-0000-00000000000000000', '1', '100', '');
INSERT INTO `sys_function` VALUES ('49F49293-5270-4C72-B7EE-02562627BF03', '基本信息', 'funcnode', '4F7D78BE-CEF2-4B71-9F43-EEF3ABADC5A1', 'AD7CE5A0-39C4-4B43-B243-D056BBDF9332', '1', '1', '');
INSERT INTO `sys_function` VALUES ('5FDEE3AB-6D32-4C5F-AD65-EF1EE5FFBAE6', '附件管理', 'funcnode', '1F617665-FC8B-4E8C-ABE4-540C363A17A8', '00000000-0000-0000-00000000000000001', '1', '7', '');
INSERT INTO `sys_function` VALUES ('67BA273A-DD31-48D0-B78C-1D60D5316074', '系统日志', 'funcnode', '494DF09B-7573-4CCA-85C1-97F4DC58C86B', '00000000-0000-0000-00000000000000001', '1', '6', null);
INSERT INTO `sys_function` VALUES ('692B0D37-2E66-4E82-92B4-E59BCF76EE76', '编码管理', 'funcnode', 'B4FE5722-9EA6-47D8-8770-D999A3F6A354', '00000000-0000-0000-00000000000000001', '1', '5', null);
INSERT INTO `sys_function` VALUES ('697BF588-ED62-43BB-B30E-3A7E40E7F1F1', '薪资管理', 'funcnode', '0248868D-BBBE-4F96-B7C5-FAF4E1556570', 'AD7CE5A0-39C4-4B43-B243-D056BBDF9332', '1', '7', '');
INSERT INTO `sys_function` VALUES ('6FDE7748-A30D-4386-999E-600B79D472D5', '定位查看', 'funcnode', '34BD49C5-0BA6-4DAC-A96C-B2B426127C28', 'AD7CE5A0-39C4-4B43-B243-D056BBDF9332', '1', '3', '');
INSERT INTO `sys_function` VALUES ('8C84B439-2788-4608-89C4-8F5AA076D124', '组织机构', 'funcnode', '439949F0-C6B7-49FF-8ED1-2A1B5062E7B9', '00000000-0000-0000-00000000000000001', '1', '1', null);
INSERT INTO `sys_function` VALUES ('99EAA89A-59E6-4866-9980-21164DA571F2', '考勤管理', 'funcnode', '67CF818A-7AB6-43CB-BDD5-A57B5FC2C512', 'AD7CE5A0-39C4-4B43-B243-D056BBDF9332', '1', '2', '');
INSERT INTO `sys_function` VALUES ('A0334956-426E-4E49-831B-EB00E37285FD', '编码类型', 'funcnode', '9A16D554-F989-438A-B92D-C8C8AC6BF9B8', '00000000-0000-0000-00000000000000001', '1', '4', null);
INSERT INTO `sys_function` VALUES ('AD7CE5A0-39C4-4B43-B243-D056BBDF9332', '业务功能', 'funcmenu', '', '00000000-0000-0000-00000000000000000', '1', '99', '');
INSERT INTO `sys_function` VALUES ('B29FEBDB-F5D9-41AE-8C2D-451A00B2C51F', '请假申请', 'funcnode', '642BCD38-28C1-4FF1-A194-535BFAB10679', 'AD7CE5A0-39C4-4B43-B243-D056BBDF9332', '1', '6', '');
INSERT INTO `sys_function` VALUES ('C977BC31-C78F-4B16-B0C6-769783E46A06', '功能管理', 'funcnode', '46C52D33-8797-4251-951F-F7CA23C76BD7', '00000000-0000-0000-00000000000000001', '1', '3', null);
INSERT INTO `sys_function` VALUES ('D3582A2A-3173-4F92-B1AD-2F999A2CBE18', '修改密码', 'funcnode', '88882DB9-967F-430E-BA9C-D0BBBBD2BD0C', '00000000-0000-0000-00000000000000001', '1', '8', '');
INSERT INTO `sys_function` VALUES ('DFE8BE4C-4024-4A7B-8DF2-630003832AE9', '角色管理', 'funcnode', '0CE03AD4-FF29-4FDB-8FEE-DA8AA38B649F', '00000000-0000-0000-00000000000000001', '1', '2', null);
INSERT INTO `sys_function` VALUES ('F8C4DC47-8F58-4420-8FC4-4DB1CE35C0F6', '加班申请', 'funcnode', '7782AD69-8FDC-4F5D-8510-36FD8D3BF249', 'AD7CE5A0-39C4-4B43-B243-D056BBDF9332', '1', '4', '');

-- ----------------------------
-- Table structure for sys_handler
-- ----------------------------
DROP TABLE IF EXISTS `sys_handler`;
CREATE TABLE `sys_handler` (
  `HANLER_ID` varchar(36) NOT NULL,
  `HANLER_CODE` varchar(64) DEFAULT NULL,
  `HANLER_TYPE` varchar(32) DEFAULT NULL,
  `HANLER_URL` varchar(128) DEFAULT NULL,
  `FUNC_ID` varchar(36) DEFAULT NULL,
  PRIMARY KEY (`HANLER_ID`)
) ENGINE=InnoDB DEFAULT CHARSET=utf8;

-- ----------------------------
-- Records of sys_handler
-- ----------------------------
INSERT INTO `sys_handler` VALUES ('0248868D-BBBE-4F96-B7C5-FAF4E1556570', 'HrSalaryManageList', 'MAIN', null, '697BF588-ED62-43BB-B30E-3A7E40E7F1F1');
INSERT INTO `sys_handler` VALUES ('05CBEDD2-E00C-4383-B5BA-F117BAB217E5', 'HrEducationEditBox', 'OTHER', '', '49F49293-5270-4C72-B7EE-02562627BF03');
INSERT INTO `sys_handler` VALUES ('0CE03AD4-FF29-4FDB-8FEE-DA8AA38B649F', 'SecurityRoleTreeManage', 'MAIN', '', 'DFE8BE4C-4024-4A7B-8DF2-630003832AE9');
INSERT INTO `sys_handler` VALUES ('145920A1-3843-419E-A633-5C3AC2AFC454', 'HrSalaryManageEdit', 'OTHER', '', '697BF588-ED62-43BB-B30E-3A7E40E7F1F1');
INSERT INTO `sys_handler` VALUES ('1F617665-FC8B-4E8C-ABE4-540C363A17A8', 'WcmGeneralGroup8ContentList', 'MAIN', null, '5FDEE3AB-6D32-4C5F-AD65-EF1EE5FFBAE6');
INSERT INTO `sys_handler` VALUES ('27BCFFDE-DD30-4659-8EAB-D0D848A39DB8', 'DeptTreeSelect', 'OTHER', '', '49F49293-5270-4C72-B7EE-02562627BF03');
INSERT INTO `sys_handler` VALUES ('34BD49C5-0BA6-4DAC-A96C-B2B426127C28', 'HrLocationManageList', 'MAIN', null, '6FDE7748-A30D-4386-999E-600B79D472D5');
INSERT INTO `sys_handler` VALUES ('3844F972-311A-459A-8B9A-B39DFA526B6C', 'HrValidDays', 'OTHER', '', '697BF588-ED62-43BB-B30E-3A7E40E7F1F1');
INSERT INTO `sys_handler` VALUES ('439949F0-C6B7-49FF-8ED1-2A1B5062E7B9', 'SecurityGroupList', 'MAIN', '', '8C84B439-2788-4608-89C4-8F5AA076D124');
INSERT INTO `sys_handler` VALUES ('46C52D33-8797-4251-951F-F7CA23C76BD7', 'FunctionTreeManage', 'MAIN', null, 'C977BC31-C78F-4B16-B0C6-769783E46A06');
INSERT INTO `sys_handler` VALUES ('4878413D-5A54-464A-8ECE-59E78D43F2D1', 'HrLeaveManageEdit', 'OTHER', '', 'B29FEBDB-F5D9-41AE-8C2D-451A00B2C51F');
INSERT INTO `sys_handler` VALUES ('494DF09B-7573-4CCA-85C1-97F4DC58C86B', 'SysLogQueryList', 'MAIN', null, '67BA273A-DD31-48D0-B78C-1D60D5316074');
INSERT INTO `sys_handler` VALUES ('4F0BC221-A2D0-4500-907A-EC116B48AC74', 'HrWorkOvertimeManageEdit', 'OTHER', '', 'F8C4DC47-8F58-4420-8FC4-4DB1CE35C0F6');
INSERT INTO `sys_handler` VALUES ('4F7D78BE-CEF2-4B71-9F43-EEF3ABADC5A1', 'HrEmployeeManageList', 'MAIN', null, '49F49293-5270-4C72-B7EE-02562627BF03');
INSERT INTO `sys_handler` VALUES ('62EA8181-C838-4E46-9A2E-82E94D866EFF', 'UserListSelectList', 'OTHER', '', '49F49293-5270-4C72-B7EE-02562627BF03');
INSERT INTO `sys_handler` VALUES ('642BCD38-28C1-4FF1-A194-535BFAB10679', 'HrLeaveManageList', 'MAIN', null, 'B29FEBDB-F5D9-41AE-8C2D-451A00B2C51F');
INSERT INTO `sys_handler` VALUES ('67CF818A-7AB6-43CB-BDD5-A57B5FC2C512', 'HrAttendanceManageList', 'MAIN', null, '99EAA89A-59E6-4866-9980-21164DA571F2');
INSERT INTO `sys_handler` VALUES ('7782AD69-8FDC-4F5D-8510-36FD8D3BF249', 'HrWorkOvertimeManageList', 'MAIN', null, 'F8C4DC47-8F58-4420-8FC4-4DB1CE35C0F6');
INSERT INTO `sys_handler` VALUES ('7D03AFCE-974A-45B8-B163-34002C7CE07B', 'HrExperienceEditBox', 'OTHER', '', '49F49293-5270-4C72-B7EE-02562627BF03');
INSERT INTO `sys_handler` VALUES ('86C0B8E5-92FE-4FB7-ACBF-1C63243B5D30', 'HrWorkPerformanceEditBox', 'OTHER', '', '49F49293-5270-4C72-B7EE-02562627BF03');
INSERT INTO `sys_handler` VALUES ('88882DB9-967F-430E-BA9C-D0BBBBD2BD0C', 'ModifyPassword', 'MAIN', null, 'D3582A2A-3173-4F92-B1AD-2F999A2CBE18');
INSERT INTO `sys_handler` VALUES ('89E26739-44ED-4BF5-9CA1-D950052F07A9', 'UserListSelectList', 'OTHER', '', 'B29FEBDB-F5D9-41AE-8C2D-451A00B2C51F');
INSERT INTO `sys_handler` VALUES ('98733F5B-A599-41A9-B135-33F480BDE062', 'HrEmployeeManageEdit', 'OTHER', '', '49F49293-5270-4C72-B7EE-02562627BF03');
INSERT INTO `sys_handler` VALUES ('9A16D554-F989-438A-B92D-C8C8AC6BF9B8', 'CodeTypeManageList', 'MAIN', null, 'A0334956-426E-4E49-831B-EB00E37285FD');
INSERT INTO `sys_handler` VALUES ('A2E1E8E7-EAC9-45F7-AAEE-D08C89BDEE0A', 'UserListSelectList', 'OTHER', '', 'F8C4DC47-8F58-4420-8FC4-4DB1CE35C0F6');
INSERT INTO `sys_handler` VALUES ('A9846F89-E5FA-4820-9913-0CF1BB71F4D1', 'HrAttendanceManageEdit', 'OTHER', '', '99EAA89A-59E6-4866-9980-21164DA571F2');
INSERT INTO `sys_handler` VALUES ('B4FE5722-9EA6-47D8-8770-D999A3F6A354', 'CodeListManageList', 'MAIN', null, '692B0D37-2E66-4E82-92B4-E59BCF76EE76');

-- ----------------------------
-- Table structure for sys_log
-- ----------------------------
DROP TABLE IF EXISTS `sys_log`;
CREATE TABLE `sys_log` (
  `ID` char(36) DEFAULT NULL,
  `OPER_TIME` timestamp NOT NULL DEFAULT CURRENT_TIMESTAMP ON UPDATE CURRENT_TIMESTAMP,
  `IP_ADDTRESS` varchar(32) DEFAULT NULL,
  `USER_ID` varchar(32) DEFAULT NULL,
  `USER_NAME` varchar(32) DEFAULT NULL,
  `FUNC_NAME` varchar(64) DEFAULT NULL,
  `ACTION_TYPE` varchar(32) DEFAULT NULL
) ENGINE=InnoDB DEFAULT CHARSET=utf8;

-- ----------------------------
-- Records of sys_log
-- ----------------------------

-- ----------------------------
-- Table structure for sys_onlinecount
-- ----------------------------
DROP TABLE IF EXISTS `sys_onlinecount`;
CREATE TABLE `sys_onlinecount` (
  `IPADDRRESS` varchar(64) NOT NULL,
  `ONLINECOUNT` int(11) DEFAULT NULL,
  PRIMARY KEY (`IPADDRRESS`)
) ENGINE=InnoDB DEFAULT CHARSET=utf8;

-- ----------------------------
-- Records of sys_onlinecount
-- ----------------------------

-- ----------------------------
-- Table structure for sys_operation
-- ----------------------------
DROP TABLE IF EXISTS `sys_operation`;
CREATE TABLE `sys_operation` (
  `OPER_ID` char(36) NOT NULL,
  `HANLER_ID` varchar(36) DEFAULT NULL,
  `OPER_CODE` varchar(64) DEFAULT NULL,
  `OPER_NAME` varchar(64) DEFAULT NULL,
  `OPER_ACTIONTPYE` varchar(64) DEFAULT NULL,
  `OPER_SORT` int(11) DEFAULT NULL,
  PRIMARY KEY (`OPER_ID`)
) ENGINE=InnoDB DEFAULT CHARSET=utf8;

-- ----------------------------
-- Records of sys_operation
-- ----------------------------
INSERT INTO `sys_operation` VALUES ('022E5A78-2D0B-4C27-8C92-512FE6C89636', '4F0BC221-A2D0-4500-907A-EC116B48AC74', 'save', '保存', 'save', '1');
INSERT INTO `sys_operation` VALUES ('04925782-D1DD-4799-874D-DA89C09C5E93', '4F7D78BE-CEF2-4B71-9F43-EEF3ABADC5A1', 'edit', '编辑', 'edit', '2');
INSERT INTO `sys_operation` VALUES ('04D84DDC-B3C1-45F2-B1C4-C9CD986A6EC7', '67CF818A-7AB6-43CB-BDD5-A57B5FC2C512', 'signOut', '签退', 'signOut', '2');
INSERT INTO `sys_operation` VALUES ('0F283527-C213-4E9F-BAA2-59F0E38CED48', '642BCD38-28C1-4FF1-A194-535BFAB10679', 'detail', '查看', 'detail', '4');
INSERT INTO `sys_operation` VALUES ('104EB1B4-AF84-42B7-9649-EEDE8726F17A', '4F0BC221-A2D0-4500-907A-EC116B48AC74', 'resubmit', '反提交', 'resubmit', '3');
INSERT INTO `sys_operation` VALUES ('1C1A3EA8-FC9C-4856-B372-0DC6D394512E', '7782AD69-8FDC-4F5D-8510-36FD8D3BF249', 'edit', '编辑', 'edit', '2');
INSERT INTO `sys_operation` VALUES ('22CF4305-08D1-476F-B17D-556F36AE58BF', '98733F5B-A599-41A9-B135-33F480BDE062', 'revokeApproval', '反核准', 'revokeApproval', '4');
INSERT INTO `sys_operation` VALUES ('270A2E3A-8649-46A8-9B95-EB022090D78D', '4F0BC221-A2D0-4500-907A-EC116B48AC74', 'submit', '提交', 'submit', '2');
INSERT INTO `sys_operation` VALUES ('2734D16B-B147-4CA6-8E0C-09BB2B996B9C', '86C0B8E5-92FE-4FB7-ACBF-1C63243B5D30', 'close', '关闭', 'close', '3');
INSERT INTO `sys_operation` VALUES ('2AEDB46D-6764-4967-9536-692B968CD46B', '27BCFFDE-DD30-4659-8EAB-D0D848A39DB8', 'confirm', '确认', 'confirm', '1');
INSERT INTO `sys_operation` VALUES ('302FF309-B104-48B0-810B-2E8F0709F2B5', '7782AD69-8FDC-4F5D-8510-36FD8D3BF249', 'revokeApproval', '反核准', 'revokeApproval', '4');
INSERT INTO `sys_operation` VALUES ('35FE49D8-CB7D-415F-9A86-FF5C04FEFFC5', '7D03AFCE-974A-45B8-B163-34002C7CE07B', 'save', '保存', 'save', '2');
INSERT INTO `sys_operation` VALUES ('3C2BBF3E-FF53-4913-8688-6158B5418812', '7D03AFCE-974A-45B8-B163-34002C7CE07B', 'close', '关闭', 'close', '3');
INSERT INTO `sys_operation` VALUES ('3DB35A08-1211-4FDB-A3F2-CF31515F0366', '7782AD69-8FDC-4F5D-8510-36FD8D3BF249', 'delete', '删除', 'delete', '6');
INSERT INTO `sys_operation` VALUES ('3EC41FB8-ED98-41F3-B86D-F7473AEDD002', '494DF09B-7573-4CCA-85C1-97F4DC58C86B', 'viewDetail', '查看', 'viewDetail', '1');
INSERT INTO `sys_operation` VALUES ('4233DC59-89E9-450B-A72A-F58A4711BAFF', '145920A1-3843-419E-A633-5C3AC2AFC454', 'edit', '编辑', 'edit', '1');
INSERT INTO `sys_operation` VALUES ('42F79115-9E98-4F60-90FC-5468996C9496', '4F7D78BE-CEF2-4B71-9F43-EEF3ABADC5A1', 'detail', '查看', 'detail', '6');
INSERT INTO `sys_operation` VALUES ('4330D785-FF0D-474D-AE29-D759B4BD8DF2', '4F7D78BE-CEF2-4B71-9F43-EEF3ABADC5A1', 'revokeApproval', '反核准', 'revokeApproval', '5');
INSERT INTO `sys_operation` VALUES ('43A4596F-D7D6-4F25-AED4-C88896161FC1', '98733F5B-A599-41A9-B135-33F480BDE062', 'back', '返回', 'back', '5');
INSERT INTO `sys_operation` VALUES ('460573D2-CB7C-4C2B-A43C-D7E08017A9C7', '05CBEDD2-E00C-4383-B5BA-F117BAB217E5', 'save', '保存', 'save', '2');
INSERT INTO `sys_operation` VALUES ('48D4510E-8B9C-4869-801E-0481B79B3BCD', '4F0BC221-A2D0-4500-907A-EC116B48AC74', 'revokeApproval', '反核准', 'revokeApproval', '5');
INSERT INTO `sys_operation` VALUES ('49B5A311-DBF1-41D7-ADCC-4731912E314B', '145920A1-3843-419E-A633-5C3AC2AFC454', 'revokeApproval', '反核准', 'revokeApproval', '4');
INSERT INTO `sys_operation` VALUES ('4C025775-4C79-4B88-9D52-DC35DF77D3D2', '4878413D-5A54-464A-8ECE-59E78D43F2D1', 'resubmit', '反提交', 'resubmit', '3');
INSERT INTO `sys_operation` VALUES ('5501533A-5F00-490D-9559-E2AFF4DB7EE0', '98733F5B-A599-41A9-B135-33F480BDE062', 'save', '保存', 'save', '2');
INSERT INTO `sys_operation` VALUES ('57E4949A-6801-4F14-82FE-36D92E26BACF', '0248868D-BBBE-4F96-B7C5-FAF4E1556570', 'revokeApproval', '反核准', 'revokeApproval', '4');
INSERT INTO `sys_operation` VALUES ('5DA79901-A8BF-4650-A46A-F4440F7DAEF9', '7782AD69-8FDC-4F5D-8510-36FD8D3BF249', 'approve', '核准', 'approve', '3');
INSERT INTO `sys_operation` VALUES ('5F9CCA75-94A7-43D0-A0F1-5E36869F75B0', '0248868D-BBBE-4F96-B7C5-FAF4E1556570', 'approve', '核准', 'approve', '3');
INSERT INTO `sys_operation` VALUES ('60AB9AE6-D835-4B6E-99FF-EF10148F2884', 'A2E1E8E7-EAC9-45F7-AAEE-D08C89BDEE0A', 'choice', '选择', 'choice', '1');
INSERT INTO `sys_operation` VALUES ('65F0D7A5-A5A4-4E43-A276-3A002A334DE1', '642BCD38-28C1-4FF1-A194-535BFAB10679', 'approve', '核准', 'approve', '3');
INSERT INTO `sys_operation` VALUES ('69C9DD89-FD32-40E7-BE7A-FBC979071558', '0248868D-BBBE-4F96-B7C5-FAF4E1556570', 'delete', '删除', 'delete', '6');
INSERT INTO `sys_operation` VALUES ('6BCA573E-A0C2-43BD-961C-BEE957DB2BA7', '3844F972-311A-459A-8B9A-B39DFA526B6C', 'save', '保存', 'save', '1');
INSERT INTO `sys_operation` VALUES ('6BF7A157-D333-4F40-8612-F61D3FD4D258', '494DF09B-7573-4CCA-85C1-97F4DC58C86B', 'refreshImgBtn', '刷新', 'refresh', '2');
INSERT INTO `sys_operation` VALUES ('6EEDC6CB-123D-4311-BD86-956C821D54E2', '642BCD38-28C1-4FF1-A194-535BFAB10679', 'delete', '删除', 'delete', '5');
INSERT INTO `sys_operation` VALUES ('7295E472-0ABB-48F1-A696-68E8F8835CF8', '4878413D-5A54-464A-8ECE-59E78D43F2D1', 'save', '保存', 'save', '1');
INSERT INTO `sys_operation` VALUES ('7321224A-C052-431B-B48C-C12DFD4292DA', '4F0BC221-A2D0-4500-907A-EC116B48AC74', 'approve', '核准', 'approve', '4');
INSERT INTO `sys_operation` VALUES ('745C43D0-441D-4568-BFC0-10E5436C31C5', '67CF818A-7AB6-43CB-BDD5-A57B5FC2C512', 'signIn', '签到', 'signIn', '1');
INSERT INTO `sys_operation` VALUES ('817C7748-7267-4327-A5BC-094F17598734', 'A2E1E8E7-EAC9-45F7-AAEE-D08C89BDEE0A', 'close', '关闭', 'close', '2');
INSERT INTO `sys_operation` VALUES ('882E1437-1B3B-4BB0-8D09-56A97491B105', '3844F972-311A-459A-8B9A-B39DFA526B6C', 'close', '关闭', 'close', '2');
INSERT INTO `sys_operation` VALUES ('88651356-FC4E-43EA-BDEF-09BA37B61C9B', '0248868D-BBBE-4F96-B7C5-FAF4E1556570', 'validDays', '设置有效天数', 'validDays', '5');
INSERT INTO `sys_operation` VALUES ('898A6526-F0B2-4C74-A5FB-E7EC00949FE7', '98733F5B-A599-41A9-B135-33F480BDE062', 'approve', '核准', 'approve', '3');
INSERT INTO `sys_operation` VALUES ('8B1FE359-E708-466B-9324-DD003477D418', '0248868D-BBBE-4F96-B7C5-FAF4E1556570', 'summary', '汇总', 'summary', '1');
INSERT INTO `sys_operation` VALUES ('8F66A121-3CCD-4EC5-8E50-A160193ACE64', '145920A1-3843-419E-A633-5C3AC2AFC454', 'approve', '核准', 'approve', '3');
INSERT INTO `sys_operation` VALUES ('95259C3E-BE55-4E42-ACBA-2031770FD14D', '4878413D-5A54-464A-8ECE-59E78D43F2D1', 'submit', '提交', 'submit', '2');
INSERT INTO `sys_operation` VALUES ('99F81EE3-55DB-4C05-A3E1-E6867AE5F447', '86C0B8E5-92FE-4FB7-ACBF-1C63243B5D30', 'edit', '编辑', 'edit', '1');
INSERT INTO `sys_operation` VALUES ('9F66B841-0922-4012-8D5A-063F7FC7719A', '4878413D-5A54-464A-8ECE-59E78D43F2D1', 'back', '返回', 'back', '5');
INSERT INTO `sys_operation` VALUES ('A86CFB0E-B6EB-41A4-9B92-4A3833487D72', '98733F5B-A599-41A9-B135-33F480BDE062', 'edit', '编辑', 'edit', '1');
INSERT INTO `sys_operation` VALUES ('ADC2DE07-FDC6-40AB-A215-730D87325CE8', '0248868D-BBBE-4F96-B7C5-FAF4E1556570', 'detail', '查看', 'detail', '7');
INSERT INTO `sys_operation` VALUES ('B1B9439B-7905-4128-A4DD-60EAC2A6BFFD', 'A9846F89-E5FA-4820-9913-0CF1BB71F4D1', 'confirm', '确认', 'confirm', '1');
INSERT INTO `sys_operation` VALUES ('B2D8182E-B201-4858-B52D-8197064E6CCE', '7782AD69-8FDC-4F5D-8510-36FD8D3BF249', 'apply', '申请', 'apply', '1');
INSERT INTO `sys_operation` VALUES ('B5F84B18-BB64-4F14-9511-B232A44894F1', '67CF818A-7AB6-43CB-BDD5-A57B5FC2C512', 'exportWord', '导出word', 'exportWord', '3');
INSERT INTO `sys_operation` VALUES ('B6F4ADFE-3BCC-4D84-B4CC-1A4991A0556B', '4F7D78BE-CEF2-4B71-9F43-EEF3ABADC5A1', 'delete', '删除', 'delete', '7');
INSERT INTO `sys_operation` VALUES ('BE9FE91B-F66A-4CE1-A5AC-DA36B22B3065', '86C0B8E5-92FE-4FB7-ACBF-1C63243B5D30', 'save', '保存', 'save', '2');
INSERT INTO `sys_operation` VALUES ('BF43D760-8731-4D1C-A54A-6024E09682DD', '05CBEDD2-E00C-4383-B5BA-F117BAB217E5', 'close', '关闭', 'close', '3');
INSERT INTO `sys_operation` VALUES ('C275E1CE-3977-4899-BC18-1DA376A83E4B', '0248868D-BBBE-4F96-B7C5-FAF4E1556570', 'edit', '编辑', 'edit', '2');
INSERT INTO `sys_operation` VALUES ('C477EF88-C1E7-4908-81EA-770E31240780', '145920A1-3843-419E-A633-5C3AC2AFC454', 'save', '保存', 'save', '2');
INSERT INTO `sys_operation` VALUES ('C953BDA3-52AC-49D2-A39B-C7A822F95A4C', '4878413D-5A54-464A-8ECE-59E78D43F2D1', 'approve', '核准', 'approve', '4');
INSERT INTO `sys_operation` VALUES ('D2CD85A9-1A48-4373-9496-376F5402B858', '67CF818A-7AB6-43CB-BDD5-A57B5FC2C512', 'exportPdf', '导出pdf', 'exportPdf', '4');
INSERT INTO `sys_operation` VALUES ('D88643B1-1076-40D7-B7F1-CE3504E2AA85', '4F7D78BE-CEF2-4B71-9F43-EEF3ABADC5A1', 'create', '新增', 'create', '1');
INSERT INTO `sys_operation` VALUES ('DF5E4931-A578-41AD-A79A-6503EAB4DC83', '642BCD38-28C1-4FF1-A194-535BFAB10679', 'edit', '编辑', 'edit', '2');
INSERT INTO `sys_operation` VALUES ('E33BCEC7-9BB5-4CF9-8FCD-76CE7DD0B684', '7782AD69-8FDC-4F5D-8510-36FD8D3BF249', 'detail', '查看', 'detail', '5');
INSERT INTO `sys_operation` VALUES ('E74F0296-3814-41BA-AC28-2302FB41306F', '4F0BC221-A2D0-4500-907A-EC116B48AC74', 'back', '返回', 'back', '6');
INSERT INTO `sys_operation` VALUES ('EEA03EB1-F621-4DAA-AC94-44BFF0872FB7', '05CBEDD2-E00C-4383-B5BA-F117BAB217E5', 'edit', '编辑', 'edit', '1');
INSERT INTO `sys_operation` VALUES ('F25C0F1E-6180-48FA-83D4-711DABEFD4A9', '145920A1-3843-419E-A633-5C3AC2AFC454', 'back', '返回', 'back', '5');
INSERT INTO `sys_operation` VALUES ('F6A1F60A-C579-40C9-B804-B0800F01B9A0', 'A9846F89-E5FA-4820-9913-0CF1BB71F4D1', 'close', '关闭', 'close', '2');
INSERT INTO `sys_operation` VALUES ('FB7B15C0-9D21-4AFA-8918-28DFDAC25FA1', '7D03AFCE-974A-45B8-B163-34002C7CE07B', 'edit', '编辑', 'edit', '1');
INSERT INTO `sys_operation` VALUES ('FC086415-FACB-4530-B38A-F993ABE59337', '27BCFFDE-DD30-4659-8EAB-D0D848A39DB8', 'close', '关闭', 'close', '2');
INSERT INTO `sys_operation` VALUES ('FE224D4E-381B-4DC6-82EA-B7F2C70F4012', '642BCD38-28C1-4FF1-A194-535BFAB10679', 'apply', '申请', 'apply', '1');
INSERT INTO `sys_operation` VALUES ('FFA6D0CD-ED98-4C51-BBDC-A3367BE0B594', '4F7D78BE-CEF2-4B71-9F43-EEF3ABADC5A1', 'approve', '核准', 'approve', '3');

-- ----------------------------
-- Table structure for wcm_general_group
-- ----------------------------
DROP TABLE IF EXISTS `wcm_general_group`;
CREATE TABLE `wcm_general_group` (
  `GRP_ID` varchar(36) NOT NULL,
  `GRP_NAME` varchar(64) DEFAULT NULL,
  `GRP_PID` varchar(36) DEFAULT NULL,
  `GRP_ORDERNO` int(11) DEFAULT NULL,
  `GRP_IS_SYSTEM` varchar(32) DEFAULT NULL,
  `GRP_RES_TYPE_DESC` varchar(32) DEFAULT NULL,
  `GRP_RES_TYPE_EXTS` varchar(128) DEFAULT NULL,
  `GRP_RES_SIZE_LIMIT` varchar(32) DEFAULT NULL,
  `GRP_DESC` varchar(128) DEFAULT NULL,
  PRIMARY KEY (`GRP_ID`)
) ENGINE=InnoDB DEFAULT CHARSET=utf8;

-- ----------------------------
-- Records of wcm_general_group
-- ----------------------------
INSERT INTO `wcm_general_group` VALUES ('77777777-7777-7777-7777-777777777777', '附件目录', '', null, '', '', '', '', '');
INSERT INTO `wcm_general_group` VALUES ('A6018D88-8345-46EE-A452-CE362FAC72E2', '视频文件', '77777777-7777-7777-7777-777777777777', '1', 'Y', '视频', '*.mp4;*.3gp;*.wmv;*.avi;*.rm;*.rmvb;*.flv', '100MB', '');
INSERT INTO `wcm_general_group` VALUES ('CF35D1E6-102E-428A-B39C-0072D491D5B1', '业务附件', '77777777-7777-7777-7777-777777777777', '2', 'Y', '所有资源', '*.*', '2MB', '');

-- ----------------------------
-- Table structure for wcm_general_resource
-- ----------------------------
DROP TABLE IF EXISTS `wcm_general_resource`;
CREATE TABLE `wcm_general_resource` (
  `RES_ID` varchar(36) NOT NULL,
  `GRP_ID` varchar(36) DEFAULT NULL,
  `RES_NAME` varchar(64) DEFAULT NULL,
  `RES_SHAREABLE` varchar(32) DEFAULT NULL,
  `RES_LOCATION` varchar(256) DEFAULT NULL,
  `RES_SIZE` varchar(64) DEFAULT NULL,
  `RES_SUFFIX` varchar(32) DEFAULT NULL,
  `RES_DESCRIPTION` varchar(256) DEFAULT NULL,
  PRIMARY KEY (`RES_ID`)
) ENGINE=InnoDB DEFAULT CHARSET=utf8;

-- ----------------------------
-- Records of wcm_general_resource
-- ----------------------------
INSERT INTO `wcm_general_resource` VALUES ('66146C8F-EF05-4687-B724-569E82773413', 'CF35D1E6-102E-428A-B39C-0072D491D5B1', '新建文本文档.txt', 'Y', '/HotServer/reponsitory/resourse/CF35D1E6-102E-428A-B39C-0072D491D5B1/2015/04/21/新建文本文档.txt', '2522', '.txt', null);
